User_ID,이름,성별,연령대,자기 소개,모국어,외국어,외국어 수준
1,Aadam,남,10대 이하,지리학,한국어,아랍어,상
2,Aadan,남,20대,바둑,스페인어,영어,하
3,Aaden,여,40대,필라테스,스페인어,한국어,상
4,Aadhav,여,40대,패러글라이딩,영어,중국어,중
5,Aadhavan,여,20대,메탈 음악 감상,일어,아랍어,상
6,Aadhya,남,60대 이상,배드민턴,스페인어,중국어,중
7,Aadi,남,40대,투자 및 주식,일어,영어,상
8,Aadil,남,50대,환경 보호 활동,한국어,영어,상
9,Aadin,남,20대,블록체인,한국어,아랍어,중
10,Aadit,남,20대,영화 감상,불어,한국어,하
11,Aaditri,남,10대 이하,다이빙,스페인어,일어,하
12,Aaditya,여,20대,보안 연구,한국어,영어,상
13,Aadya,여,60대 이상,로프 클라이밍,영어,불어,하
14,Aadyn,여,50대,모터스포츠,중국어,스페인어,중
15,Aahan,남,50대,패러글라이딩,한국어,영어,중
16,Aahana,여,10대 이하,코인 수집,중국어,아랍어,상
17,Aahil,남,50대,언어 교환,스페인어,불어,중
18,Aahna,여,50대,기타 연주,영어,스페인어,중
19,Aaidan,남,60대 이상,개인 금융 관리,중국어,영어,상
20,Aaiden,남,30대,영화 감상,영어,일어,상
21,Aailyah,남,20대,차 시음,중국어,일어,상
22,Aaira,여,20대,팝 음악 감상,불어,중국어,하
23,Aaisha,남,30대,지속 가능한 생활,한국어,아랍어,상
24,Aaishah,여,30대,오페라 감상,영어,중국어,상
25,Aakarsh,여,50대,카약,일어,아랍어,하
26,Aakash,남,10대 이하,명상,영어,한국어,하
27,Aala,여,40대,축구 응원,아랍어,불어,상
28,Aalaya,남,60대 이상,시 쓰기,불어,아랍어,상
29,Aalayah,남,30대,농구 응원,영어,불어,하
30,Aalaysia,남,20대,산악 자전거,중국어,영어,중
31,Aaleah,남,30대,동물 보호 활동,영어,아랍어,하
32,Aaleigha,여,20대,화초 돌보기,한국어,영어,하
33,Aaleyah,남,30대,피아노 연주,중국어,아랍어,중
34,Aalia,남,40대,비건 생활,중국어,불어,상
35,Aaliah,남,30대,언어 교환,한국어,불어,상
36,Aaliayah,남,30대,연극 보기,스페인어,일어,중
37,Aalijah,여,30대,암벽 등반,영어,일어,중
38,Aalina,여,40대,암호화폐,불어,아랍어,중
39,Aalivia,여,60대 이상,암벽 등반,한국어,스페인어,하
40,Aaliya,남,30대,R&B 음악 감상,불어,영어,상
41,Aaliyah,여,20대,인테리어 디자인,불어,아랍어,하
42,Aaliyah,여,30대,비건 생활,중국어,스페인어,중
43,Aaliyan,여,30대,DIY 프로젝트,아랍어,불어,중
44,Aaliyana,남,40대,지리학,일어,한국어,중
45,Aaliyha,여,50대,카누,영어,불어,상
46,Aaliyiah,여,40대,번지점프,영어,스페인어,중
47,Aalliyah,여,20대,보안 연구,불어,중국어,하
48,Aalya,여,30대,환경 보호 활동,일어,스페인어,중
49,Aalyah,여,30대,동물 돌보기,영어,일어,상
50,Aalyiah,여,50대,스쿠버 다이빙,일어,스페인어,중
51,Aalyssa,남,30대,커피 추출,불어,스페인어,하
52,Aamani,남,50대,언어 교환,중국어,스페인어,하
53,Aamari,여,60대 이상,개인 금융 관리,스페인어,일어,상
54,Aamari,남,50대,마라톤,영어,중국어,하
55,Aamarion,남,20대,요리 클래스 참가,스페인어,중국어,중
56,Aamina,남,40대,천문학,영어,일어,중
57,Aaminah,여,40대,배드민턴,아랍어,일어,상
58,Aamir,여,40대,재즈 음악 감상,중국어,한국어,중
59,Aamira,남,10대 이하,필라테스,일어,불어,상
60,Aamirah,여,20대,오페라 감상,아랍어,불어,중
61,Aamiyah,여,10대 이하,팝 음악 감상,일어,중국어,상
62,Aamna,여,50대,암호화폐,불어,아랍어,하
63,Aamoni,여,60대 이상,연극 보기,한국어,일어,상
64,Aamori,남,20대,스노우보드,불어,영어,하
65,Aamya,남,30대,쇼핑,불어,스페인어,상
66,Aamyah,여,40대,배드민턴,일어,불어,하
67,Aanika,남,10대 이하,여행,불어,영어,중
68,Aaniya,남,40대,메이커 운동,중국어,스페인어,상
69,Aaniyah,남,30대,드론 조종,영어,불어,상
70,Aanvi,남,40대,쇼핑,중국어,일어,상
71,Aanya,여,50대,바둑,영어,중국어,상
72,Aanyah,여,40대,필라테스,스페인어,일어,하
73,Aaqib,남,40대,환경 보호 활동,불어,영어,상
74,Aara,남,40대,인테리어 디자인,일어,영어,하
75,Aaralyn,남,20대,암호화폐,중국어,일어,상
76,Aaralynn,남,50대,해킹,한국어,아랍어,상
77,Aaran,여,30대,미술 클래스 참가,일어,스페인어,상
78,Aarav,여,60대 이상,만화 보기,불어,아랍어,하
79,Aaren,여,30대,춤추기,불어,스페인어,상
80,Aaren,여,10대 이하,메이커 운동,불어,일어,상
81,Aareon,여,50대,비건 생활,아랍어,중국어,상
82,Aareona,여,10대 이하,제로 웨이스트 라이프스타일,일어,영어,상
83,Aaria,남,20대,베이킹,아랍어,스페인어,중
84,Aariah,남,40대,R&B 음악 감상,한국어,불어,상
85,Aarian,여,60대 이상,농구 응원,불어,중국어,상
86,Aariana,여,50대,시 쓰기,스페인어,아랍어,상
87,Aarianna,여,50대,언어 교환,아랍어,한국어,중
88,Aarib,여,40대,보안 연구,일어,스페인어,하
89,Aaric,남,30대,BMX,일어,스페인어,하
90,Aariel,남,20대,보드게임,스페인어,영어,하
91,Aarik,여,20대,스케이트보드,영어,스페인어,중
92,Aarika,남,20대,비건 생활,중국어,한국어,중
93,Aarilyn,남,20대,제로 웨이스트 라이프스타일,한국어,불어,상
94,Aarin,여,40대,보안 연구,중국어,아랍어,중
95,Aarin,남,50대,미니멀리즘,스페인어,중국어,중
96,Aarini,여,20대,체스,불어,영어,상
97,Aarion,남,10대 이하,제로 웨이스트 라이프스타일,스페인어,영어,중
98,Aariona,여,30대,요가,스페인어,영어,하
99,Aarionna,남,50대,요가,일어,스페인어,상
100,Aarish,여,20대,사진 찍기,일어,중국어,중
101,Aarit,남,20대,3D 프린팅,한국어,불어,하
102,Aariv,여,50대,가상 현실,일어,아랍어,중
103,Aariya,여,20대,팝 음악 감상,영어,중국어,상
104,Aariyah,남,40대,모터스포츠,영어,아랍어,하
105,Aariz,남,50대,블록체인,영어,아랍어,중
106,Aarna,남,60대 이상,사진 찍기,아랍어,불어,하
107,Aarnav,여,10대 이하,빈티지 수집,일어,아랍어,상
108,Aarnavi,여,60대 이상,등산,영어,중국어,하
109,Aarohi,여,50대,스케이트보드,불어,스페인어,중
110,Aaron,여,20대,피아노 연주,일어,중국어,하
111,Aaron,여,40대,모터스포츠,불어,일어,하
112,Aaronjames,남,30대,여행,스페인어,한국어,하
113,Aarron,여,10대 이하,바둑,한국어,아랍어,중
114,Aarti,남,10대 이하,스탬프 수집,불어,영어,중
115,Aarush,남,10대 이하,보안 연구,중국어,일어,하
116,Aarushi,여,40대,모터스포츠,아랍어,불어,상
117,Aarya,남,40대,동물 돌보기,일어,아랍어,상
118,Aarya,여,40대,농구 응원,불어,스페인어,하
119,Aaryan,남,10대 이하,산악 자전거,스페인어,영어,중
120,Aaryana,남,30대,메이커 운동,중국어,불어,상
121,Aaryanna,남,30대,여행,아랍어,스페인어,중
122,Aaryav,여,10대 이하,드럼 치기,스페인어,한국어,하
123,Aaryn,여,50대,암벽 등반,일어,스페인어,하
124,Aaryn,남,20대,뮤지컬 보기,아랍어,일어,하
125,Aasha,여,20대,패들보드,영어,중국어,상
126,Aashi,여,40대,농구 응원,스페인어,불어,하
127,Aashir,남,60대 이상,보드게임,중국어,불어,하
128,Aashka,여,30대,자원 봉사,한국어,중국어,하
129,Aashna,남,10대 이하,커피 추출,스페인어,한국어,중
130,Aashni,여,40대,여행,한국어,영어,중
131,Aashrith,여,60대 이상,증강 현실,아랍어,영어,하
132,Aashritha,여,20대,드론 조종,불어,스페인어,하
133,Aashvi,남,40대,우주 탐사,영어,한국어,하
134,Aasia,여,40대,코인 수집,일어,영어,하
135,Aasim,남,30대,BMX,영어,일어,하
136,Aasir,남,60대 이상,등산,영어,한국어,상
137,Aasiya,여,20대,투자 및 주식,한국어,스페인어,중
138,Aasiyah,남,60대 이상,춤추기,중국어,스페인어,중
139,Aastha,여,50대,마라톤,일어,영어,하
140,Aaven,남,30대,베이킹,일어,불어,상
141,Aayan,여,20대,비건 생활,아랍어,스페인어,상
142,Aayanah,여,20대,스케이트보드,한국어,중국어,중
143,Aayanna,남,60대 이상,스카이다이빙,한국어,일어,상
144,Aayden,남,60대 이상,노래하기,중국어,스페인어,하
145,Aayla,여,30대,재즈 음악 감상,불어,중국어,상
146,Aayush,여,50대,보안 연구,일어,중국어,중
147,Aayushi,남,10대 이하,언어 학습,한국어,중국어,상
148,Ab,여,30대,농구,불어,한국어,중
149,Abad,남,10대 이하,명상,중국어,스페인어,상
150,Abagael,여,30대,전자 음악 감상,스페인어,한국어,중
151,Abagail,남,60대 이상,오토바이 타기,중국어,일어,상
152,Abagale,남,30대,요리 클래스 참가,불어,일어,중
153,Abagayle,여,40대,배드민턴,영어,일어,상
154,Abaigeal,여,60대 이상,춤추기,영어,중국어,중
155,Aban,남,30대,춤추기,중국어,일어,상
156,Abanoub,여,10대 이하,드론 조종,일어,아랍어,상
157,Abas,남,30대,새 관찰,일어,한국어,중
158,Abbagail,남,30대,사진 찍기,한국어,불어,하
159,Abbagale,남,30대,커피 추출,스페인어,한국어,중
160,Abbagayle,남,20대,베이킹,스페인어,중국어,중
161,Abbas,남,50대,캠핑,아랍어,일어,하
162,Abbe,여,20대,작문 클래스 참가,중국어,영어,중
163,Abbee,여,10대 이하,새 관찰,중국어,불어,상
164,Abbegail,남,10대 이하,새 관찰,한국어,일어,중
165,Abbegale,여,40대,문화 탐구,일어,불어,중
166,Abbey,남,50대,서핑,아랍어,영어,상
167,Abbeygail,여,30대,와인 시음,영어,불어,하
168,Abbi,여,60대 이상,요가,일어,아랍어,중
169,Abbie,남,40대,요리 클래스 참가,한국어,영어,중
170,Abbiegail,남,60대 이상,농구,영어,아랍어,중
171,Abbiegayle,남,40대,그림 그리기,한국어,아랍어,상
172,Abbigail,여,40대,지리학,일어,스페인어,상
173,Abbigaile,여,30대,재즈 음악 감상,중국어,아랍어,상
174,Abbigal,여,20대,환경 보호 활동,영어,한국어,하
175,Abbigale,남,30대,개인 금융 관리,영어,아랍어,중
176,Abbigayle,남,60대 이상,서핑,영어,한국어,중
177,Abbott,여,10대 이하,코딩,아랍어,스페인어,하
178,Abby,남,60대 이상,로봇 제작,불어,영어,상
179,Abbye,여,40대,록 음악 감상,중국어,영어,중
180,Abbygael,남,30대,그림 그리기,한국어,중국어,하
181,Abbygail,남,40대,미술 클래스 참가,아랍어,스페인어,상
182,Abbygale,여,50대,바둑,아랍어,스페인어,상
183,Abbygayle,여,30대,로프 클라이밍,불어,영어,상
184,Abcde,여,20대,문화 탐구,한국어,스페인어,하
185,Abdalla,남,20대,언어 학습,일어,아랍어,상
186,Abdallah,여,20대,R&B 음악 감상,불어,한국어,중
187,Abdalrahman,남,40대,비건 생활,영어,불어,중
188,Abdel,여,20대,신재생 에너지,스페인어,불어,상
189,Abdelaziz,여,20대,만화 보기,불어,일어,하
190,Abdelkarim,남,30대,로프 클라이밍,일어,아랍어,상
191,Abdelrahman,남,10대 이하,오페라 감상,스페인어,불어,상
192,Abdelrhman,남,30대,트라이애슬론,스페인어,불어,하
193,Abdi,여,20대,새 관찰,일어,영어,상
194,Abdias,남,60대 이상,스노우보드,한국어,불어,상
195,Abdiaziz,남,50대,문화 탐구,아랍어,불어,상
196,Abdiel,여,40대,화초 돌보기,한국어,중국어,중
197,Abdifatah,여,20대,오페라 감상,한국어,스페인어,상
198,Abdihakim,여,30대,요리,아랍어,중국어,하
199,Abdikadir,여,60대 이상,카약,아랍어,중국어,하
200,Abdilahi,남,20대,게임,영어,스페인어,하
201,Abdimalik,남,30대,만화 보기,한국어,아랍어,하
202,Abdinasir,남,30대,베이킹,중국어,한국어,하
203,Abdirahim,남,50대,번지점프,불어,영어,중
204,Abdirahman,여,50대,천문학,아랍어,불어,중
205,Abdirizak,남,40대,스쿠버 다이빙,일어,불어,상
206,Abdon,여,40대,코딩,영어,불어,중
207,Abdou,여,20대,팝 음악 감상,불어,영어,하
208,Abdoul,남,30대,시 쓰기,스페인어,일어,상
209,Abdoulaye,여,60대 이상,블록체인,영어,한국어,하
210,Abdoulie,여,50대,전자 음악 감상,한국어,스페인어,중
211,Abdul,여,30대,기타 연주,일어,아랍어,상
212,Abdulah,남,30대,뮤지컬 보기,일어,스페인어,하
213,Abdulahad,남,20대,지리학,일어,한국어,하
214,Abdulahi,여,30대,와인 시음,중국어,스페인어,중
215,Abdulai,여,30대,정원 가꾸기,일어,스페인어,중
216,Abdulaziz,남,40대,스케이트보드,중국어,스페인어,상
217,Abdulhadi,여,50대,스케이트보드,일어,불어,중
218,Abdulhameed,여,60대 이상,새 관찰,중국어,불어,하
219,Abdulhamid,남,20대,개인 금융 관리,영어,불어,중
220,Abdulkadir,여,20대,미술 클래스 참가,한국어,불어,상
221,Abdulkareem,남,40대,작문 클래스 참가,영어,아랍어,중
222,Abdulkarim,남,50대,게임,일어,불어,하
223,Abdulla,남,50대,크로스핏,아랍어,불어,상
224,Abdullah,여,10대 이하,산악 자전거,중국어,영어,중
225,Abdullahi,남,20대,록 음악 감상,불어,일어,중
226,Abdulmalek,여,60대 이상,크로스핏,한국어,영어,하
227,Abdulmalik,남,30대,별보기,불어,스페인어,하
228,Abdulraheem,남,40대,트라이애슬론,아랍어,중국어,하
229,Abdulrahim,여,30대,도서 읽기,한국어,영어,상
230,Abdulrahman,여,30대,빈티지 수집,불어,스페인어,중
231,Abdulwadud,남,50대,카누,한국어,스페인어,상
232,Abdulwahab,여,30대,지리학,중국어,일어,상
233,Abdur,여,60대 이상,정원 가꾸기,불어,영어,상
234,Abdurahman,여,10대 이하,작문 클래스 참가,일어,영어,중
235,Abdurrahman,남,30대,별보기,중국어,영어,상
236,Abe,여,20대,마라톤,불어,스페인어,중
237,Abednego,여,10대 이하,3D 프린팅,일어,영어,하
238,Abeeha,여,20대,기타 연주,영어,한국어,상
239,Abeer,남,40대,수영,영어,스페인어,중
240,Abegail,여,40대,차 시음,아랍어,불어,중
241,Abel,여,30대,보안 연구,중국어,한국어,하
242,Abela,여,40대,연극 보기,영어,일어,하
243,Abelardo,남,40대,드럼 치기,영어,불어,하
244,Abelina,남,20대,메탈 음악 감상,불어,일어,하
245,Abelino,남,30대,미술 클래스 참가,영어,스페인어,상
246,Abella,여,50대,미니멀리즘,중국어,일어,하
247,Abem,남,30대,캠핑,영어,중국어,상
248,Abena,남,20대,보드게임,스페인어,아랍어,중
249,Abenezer,여,20대,새 관찰,불어,스페인어,상
250,Abeni,여,40대,베이킹,한국어,아랍어,상
251,Aberdeen,남,50대,클래식 음악 감상,스페인어,영어,중
252,Aberham,남,30대,3D 프린팅,스페인어,불어,상
253,Abhay,여,30대,비건 생활,아랍어,일어,하
254,Abhi,남,10대 이하,비건 생활,한국어,스페인어,중
255,Abhijay,여,20대,요리 클래스 참가,중국어,스페인어,상
256,Abhijot,남,30대,게임,한국어,일어,상
257,Abhimanyu,남,60대 이상,정원 가꾸기,일어,아랍어,상
258,Abhinav,남,60대 이상,공부,중국어,스페인어,하
259,Abhiraj,남,50대,스탬프 수집,중국어,불어,하
260,Abhiram,여,20대,코인 수집,스페인어,아랍어,상
261,Abhishek,여,20대,등산,불어,아랍어,상
262,Abi,여,60대 이상,비건 생활,영어,아랍어,상
263,Abiageal,여,20대,문화 탐구,중국어,일어,중
264,Abian,남,40대,인테리어 디자인,스페인어,중국어,하
265,Abid,남,10대 이하,암호화폐,중국어,일어,상
266,Abie,여,40대,제로 웨이스트 라이프스타일,아랍어,일어,하
267,Abie,여,40대,캠핑,한국어,불어,하
268,Abiel,여,30대,사진 찍기,중국어,일어,하
269,Abigael,남,60대 이상,스쿠버 다이빙,불어,영어,중
270,Abigaelle,여,60대 이상,새 관찰,아랍어,스페인어,상
271,Abigahil,여,20대,댄스 클래스 참가,영어,불어,상
272,Abigail,여,10대 이하,블록체인,일어,영어,중
273,Abigail,남,20대,드론 조종,중국어,아랍어,중
274,Abigaile,여,30대,배드민턴,스페인어,아랍어,중
275,Abigailmarie,남,60대 이상,스노우보드,한국어,일어,하
276,Abigal,여,40대,체스,일어,아랍어,중
277,Abigale,남,10대 이하,오페라 감상,영어,한국어,하
278,Abigayil,남,40대,만화 보기,한국어,불어,하
279,Abigayl,남,30대,모터스포츠,한국어,중국어,상
280,Abigayle,남,50대,인테리어 디자인,영어,일어,하
281,Abigel,여,10대 이하,요리,영어,스페인어,상
282,Abigial,남,20대,새 관찰,한국어,영어,상
283,Abiha,여,20대,별보기,중국어,한국어,상
284,Abijah,여,30대,배드민턴,아랍어,영어,상
285,Abilene,남,30대,스노우보드,영어,일어,상
286,Abimael,남,40대,동물 보호 활동,중국어,한국어,하
287,Abimbola,여,60대 이상,힙합 음악 감상,스페인어,불어,하
288,Abimelec,남,40대,보안 연구,스페인어,일어,하
289,Abinav,여,30대,명상,일어,영어,하
290,Abinaya,여,20대,작문 클래스 참가,한국어,중국어,중
291,Abiola,남,60대 이상,맥주 제조,아랍어,스페인어,중
292,Abir,남,40대,춤추기,불어,중국어,상
293,Abisag,남,30대,모터스포츠,스페인어,영어,하
294,Abisai,남,40대,바둑,한국어,스페인어,중
295,Abishai,여,20대,기타 연주,영어,불어,상
296,Abisola,여,10대 이하,블록체인,일어,스페인어,상
297,Abla,남,10대 이하,스쿠버 다이빙,영어,중국어,상
298,Able,남,30대,제로 웨이스트 라이프스타일,일어,중국어,하
299,Abner,남,20대,지리학,중국어,일어,하
300,Abney,여,50대,낚시,영어,스페인어,중
301,Abou,남,30대,역사 탐구,한국어,중국어,상
302,Aboubacar,남,20대,기타 연주,영어,일어,중
303,Aboubakar,남,30대,힙합 음악 감상,아랍어,스페인어,하
304,Abraham,남,40대,아트 수집,불어,영어,상
305,Abrahan,여,10대 이하,스키,스페인어,중국어,하
306,Abrahim,여,30대,아트 수집,중국어,불어,상
307,Abrahm,남,50대,미니멀리즘,스페인어,아랍어,중
308,Abram,여,50대,블록체인,한국어,영어,중
309,Abran,여,60대 이상,메탈 음악 감상,한국어,영어,중
310,Abrar,여,50대,작문 클래스 참가,아랍어,불어,중
311,Abrar,여,40대,BMX,한국어,아랍어,상
312,Abrea,여,30대,베이킹,일어,불어,중
313,Abreanna,남,40대,록 음악 감상,일어,한국어,상
314,Abree,남,20대,농구,스페인어,중국어,중
315,Abrey,여,40대,낚시,아랍어,일어,중
316,Abri,남,50대,크로스핏,불어,중국어,상
317,Abria,남,60대 이상,마라톤,한국어,중국어,상
318,Abrial,남,20대,해킹,일어,불어,상
319,Abrian,여,40대,보안 연구,스페인어,영어,상
320,Abriana,여,50대,축구,스페인어,영어,하
321,Abrianna,남,30대,영화 감상,일어,불어,중
322,Abrie,남,60대 이상,미니멀리즘,영어,한국어,상
323,Abriel,남,60대 이상,BMX,한국어,일어,하
324,Abriel,여,40대,농구,불어,중국어,상
325,Abriela,여,20대,바둑,불어,영어,중
326,Abriella,여,20대,스키,일어,한국어,중
327,Abrielle,여,20대,패들보드,스페인어,영어,상
328,Abrien,여,40대,미술 클래스 참가,중국어,아랍어,중
329,Abril,남,40대,명상,스페인어,불어,상
330,Abrina,남,40대,우주 탐사,아랍어,한국어,상
331,Abrionna,여,20대,다이빙,영어,불어,중
332,Abryana,남,10대 이하,마술,불어,스페인어,상
333,Abryanna,남,60대 이상,산악 자전거,스페인어,불어,상
334,Abryl,남,60대 이상,공부,스페인어,불어,중
335,Absalom,남,30대,지속 가능한 생활,중국어,아랍어,중
336,Abshir,남,50대,해킹,한국어,일어,하
337,Abu,여,10대 이하,여행,일어,아랍어,상
338,Abubakar,남,20대,재즈 음악 감상,영어,일어,하
339,Abubakr,남,30대,개인 금융 관리,일어,불어,상
340,Abuk,여,30대,언어 학습,아랍어,중국어,상
341,Abukar,남,40대,블로깅,한국어,아랍어,상
342,Aby,여,10대 이하,아트 수집,영어,스페인어,하
343,Abyan,여,60대 이상,와인 시음,중국어,영어,하
344,Abyan,남,50대,우주 탐사,스페인어,영어,상
345,Abygail,남,50대,와인 시음,한국어,스페인어,중
346,Abygale,남,50대,스노우보드,영어,아랍어,중
347,Abygayle,여,60대 이상,쇼핑,한국어,영어,중
348,Abyssinia,남,30대,코딩,스페인어,영어,상
349,Acacia,남,50대,낚시,한국어,중국어,중
350,Acadia,여,60대 이상,뮤지컬 보기,한국어,스페인어,중
351,Acasia,여,30대,아트 수집,스페인어,영어,하
352,Accalia,남,30대,낚시,영어,불어,상
353,Ace,남,50대,언어 교환,불어,아랍어,상
354,Acea,남,50대,건강 및 웰니스,불어,스페인어,중
355,Acelin,여,20대,암벽 등반,중국어,불어,중
356,Acelin,여,20대,스탬프 수집,영어,스페인어,하
357,Acelyn,남,10대 이하,코인 수집,중국어,불어,중
358,Acelynn,남,30대,신재생 에너지,아랍어,일어,하
359,Acen,남,30대,문화 탐구,스페인어,중국어,하
360,Aceon,여,30대,트라이애슬론,스페인어,중국어,중
361,Acer,여,50대,요가,스페인어,영어,중
362,Aceson,남,50대,스케이트보드,불어,일어,상
363,Aceyn,여,40대,증강 현실,영어,중국어,중
364,Achaia,남,20대,스키,중국어,아랍어,중
365,Acheron,남,60대 이상,개인 금융 관리,한국어,영어,상
366,Achille,남,50대,스노우보드,일어,아랍어,중
367,Achilles,여,20대,자원 봉사,중국어,불어,상
368,Achillies,여,50대,미니멀리즘,영어,중국어,중
369,Achintya,남,60대 이상,오토바이 타기,스페인어,아랍어,하
370,Achol,여,40대,전자 음악 감상,불어,영어,하
371,Achyut,남,30대,전자 음악 감상,영어,불어,중
372,Aciano,여,40대,등산,영어,중국어,중
373,Acie,여,30대,오토바이 타기,중국어,불어,하
374,Acire,여,30대,지속 가능한 생활,한국어,중국어,상
375,Acsa,남,40대,공부,중국어,일어,중
376,Acxel,남,10대 이하,시 쓰기,영어,불어,하
377,Ada,남,60대 이상,오토바이 타기,일어,영어,하
378,Ada,여,50대,축구 응원,영어,한국어,중
379,Adabella,여,20대,베이킹,아랍어,중국어,하
380,Adabelle,여,30대,스케이트보드,영어,불어,상
381,Adael,남,10대 이하,비건 생활,스페인어,아랍어,중
382,Adaeze,남,30대,암벽 등반,한국어,영어,중
383,Adah,남,60대 이상,드론 조종,불어,스페인어,중
384,Adahir,여,10대 이하,글쓰기,중국어,한국어,상
385,Adahlia,남,30대,영화 감상,일어,불어,하
386,Adaia,남,50대,재즈 음악 감상,한국어,스페인어,하
387,Adaiah,남,40대,암호화폐,스페인어,일어,중
388,Adain,남,50대,문화 탐구,영어,일어,상
389,Adair,여,20대,요가,중국어,일어,하
390,Adair,여,30대,스탬프 수집,스페인어,영어,상
391,Adaira,여,30대,로프 클라이밍,아랍어,영어,하
392,Adal,남,30대,차 시음,영어,스페인어,하
393,Adalae,여,60대 이상,문화 탐구,중국어,일어,중
394,Adalai,남,30대,별보기,아랍어,일어,상
395,Adalaide,여,30대,동물 보호 활동,불어,스페인어,중
396,Adalay,여,30대,메이커 운동,한국어,불어,상
397,Adalayde,여,40대,다이빙,불어,일어,하
398,Adalberto,여,40대,코딩,일어,중국어,상
399,Adalea,남,10대 이하,로프 클라이밍,스페인어,한국어,하
400,Adalee,남,40대,스카이다이빙,불어,한국어,하
401,Adaleena,남,50대,지속 가능한 생활,스페인어,영어,하
402,Adalei,남,10대 이하,카누,스페인어,일어,상
403,Adaleigh,여,50대,농구 응원,영어,중국어,하
404,Adalen,남,50대,등산,중국어,불어,상
405,Adalena,여,30대,보안 연구,스페인어,한국어,중
406,Adalene,여,20대,패션 디자인,한국어,불어,상
407,Adaley,남,20대,지리학,영어,중국어,중
408,Adali,남,20대,오페라 감상,일어,한국어,하
409,Adalia,여,30대,코딩,중국어,아랍어,하
410,Adaliah,남,30대,신재생 에너지,한국어,영어,중
411,Adalicia,남,60대 이상,베이킹,불어,한국어,중
412,Adalid,여,30대,문화 탐구,아랍어,영어,하
413,Adalid,남,20대,암호화폐,한국어,영어,상
414,Adalie,남,20대,댄스 클래스 참가,불어,한국어,상
415,Adalin,여,20대,드럼 치기,아랍어,일어,하
416,Adalina,남,20대,암벽 등반,한국어,영어,상
417,Adaline,남,10대 이하,카약,아랍어,한국어,상
418,Adalis,여,30대,3D 프린팅,중국어,아랍어,중
419,Adalise,여,30대,시 쓰기,불어,영어,하
420,Adaliz,남,50대,정원 가꾸기,영어,일어,하
421,Adallyn,여,60대 이상,새 관찰,중국어,불어,중
422,Adaly,남,30대,정원 가꾸기,일어,중국어,중
423,Adalyn,남,20대,시 쓰기,한국어,중국어,하
424,Adalyna,남,10대 이하,해킹,불어,일어,하
425,Adalyne,여,20대,다이빙,영어,중국어,상
426,Adalynn,남,40대,빈티지 수집,일어,한국어,상
427,Adalynne,남,60대 이상,블로깅,스페인어,영어,상
428,Adam,남,60대 이상,암벽 등반,영어,중국어,중
429,Adam,여,60대 이상,패들보드,스페인어,불어,상
430,Adama,남,20대,전자 음악 감상,영어,한국어,하
431,Adama,남,10대 이하,도서 읽기,스페인어,불어,하
432,Adamae,남,60대 이상,스탬프 수집,영어,중국어,중
433,Adamari,여,20대,드론 조종,한국어,불어,하
434,Adamarie,여,30대,힙합 음악 감상,불어,한국어,상
435,Adamaris,남,40대,블로깅,불어,일어,상
436,Adamariz,남,20대,크로스핏,아랍어,영어,하
437,Adamary,여,60대 이상,록 음악 감상,아랍어,일어,중
438,Adamarys,남,40대,베이킹,중국어,아랍어,상
439,Adams,여,30대,농구,중국어,한국어,중
440,Adan,여,30대,요리 클래스 참가,중국어,한국어,하
441,Adan,남,60대 이상,R&B 음악 감상,영어,불어,하
442,Adana,남,50대,스노우보드,불어,영어,중
443,Adaneli,여,40대,맥주 제조,스페인어,아랍어,중
444,Adanely,남,30대,요리 클래스 참가,불어,영어,하
445,Adanna,남,50대,수영,일어,영어,중
446,Adanya,여,10대 이하,드럼 치기,한국어,일어,상
447,Adaora,남,60대 이상,암호화폐,중국어,일어,하
448,Adar,여,40대,투자 및 주식,일어,불어,하
449,Adara,남,20대,화초 돌보기,중국어,한국어,상
450,Adarah,여,60대 이상,보드게임,스페인어,일어,중
451,Adarian,여,20대,문화 탐구,스페인어,불어,중
452,Adarious,남,50대,산악 자전거,영어,스페인어,중
453,Adarius,남,60대 이상,요가,영어,중국어,하
454,Adarrius,여,40대,비건 생활,한국어,아랍어,하
455,Adarsh,남,30대,해킹,아랍어,영어,상
456,Adason,여,20대,게임,영어,스페인어,중
457,Adasyn,남,50대,등산,영어,불어,중
458,Adavia,여,30대,시 쓰기,한국어,불어,중
459,Adaya,남,50대,마라톤,중국어,불어,하
460,Adayah,여,40대,농구 응원,아랍어,한국어,상
461,Adayla,여,20대,자원 봉사,스페인어,일어,중
462,Adda,남,40대,스케이트보드,불어,일어,상
463,Addai,남,60대 이상,패션 디자인,아랍어,중국어,중
464,Addalee,여,40대,체스,한국어,일어,중
465,Addalie,여,30대,암호화폐,영어,한국어,하
466,Addaline,여,20대,체스,한국어,중국어,상
467,Addalyn,남,50대,코인 수집,일어,아랍어,중
468,Addalyne,남,40대,스탬프 수집,영어,불어,하
469,Addalynn,남,40대,기타 연주,중국어,불어,하
470,Addalynne,남,40대,전자 음악 감상,중국어,스페인어,상
471,Addam,여,30대,클래식 음악 감상,일어,영어,중
472,Addasyn,여,40대,투자 및 주식,일어,불어,하
473,Addelina,남,30대,보드게임,영어,스페인어,상
474,Addeline,남,60대 이상,가상 현실,영어,아랍어,하
475,Addelyn,여,30대,비건 생활,아랍어,일어,상
476,Addelyne,여,60대 이상,명상,불어,한국어,하
477,Addelynn,남,50대,커피 추출,일어,불어,상
478,Addelynne,남,60대 이상,미니멀리즘,중국어,아랍어,하
479,Adden,남,30대,커피 추출,아랍어,중국어,하
480,Addi,여,50대,전자 음악 감상,영어,스페인어,중
481,Addicyn,여,30대,요가,일어,영어,하
482,Addie,여,20대,블로깅,한국어,아랍어,중
483,Addiel,여,60대 이상,마술,한국어,일어,상
484,Addilee,남,50대,빈티지 수집,한국어,스페인어,상
485,Addileigh,남,20대,재즈 음악 감상,한국어,영어,하
486,Addilyn,남,20대,작문 클래스 참가,일어,스페인어,하
487,Addilyne,남,40대,아트 수집,스페인어,한국어,중
488,Addilynn,여,10대 이하,보드게임,불어,스페인어,하
489,Addilynne,여,20대,로프 클라이밍,중국어,아랍어,중
490,Addington,여,50대,새 관찰,한국어,불어,하
491,Addis,남,20대,오페라 감상,스페인어,불어,상
492,Addisen,여,20대,차 시음,스페인어,일어,중
493,Addisin,여,10대 이하,피아노 연주,아랍어,불어,상
494,Addison,남,20대,차 시음,영어,불어,상
495,Addison,남,10대 이하,영화 감상,중국어,아랍어,하
496,Addisson,남,40대,배드민턴,영어,중국어,중
497,Addiston,여,60대 이상,빈티지 수집,중국어,불어,하
498,Addisyn,남,20대,게임,일어,아랍어,중
499,Addisynn,남,30대,스탬프 수집,영어,일어,하
500,Addlee,여,30대,글쓰기,한국어,중국어,상
501,Addley,여,60대 이상,천문학,영어,일어,상
502,Addy,남,10대 이하,제로 웨이스트 라이프스타일,중국어,일어,중
503,Addylin,남,40대,명상,스페인어,영어,상
504,Addylyn,여,20대,커뮤니티 서비스,아랍어,불어,하
505,Addysan,남,20대,자격증 따기,한국어,중국어,상
506,Addysen,여,40대,스카이다이빙,영어,한국어,상
507,Addysin,여,50대,3D 프린팅,아랍어,일어,하
508,Addysn,남,20대,와인 시음,스페인어,한국어,상
509,Addyson,여,40대,미술 클래스 참가,스페인어,한국어,상
510,Addyson,여,50대,언어 교환,한국어,중국어,중
511,Addysun,여,20대,등산,아랍어,불어,하
512,Addysyn,남,60대 이상,빈티지 수집,아랍어,불어,중
513,Ade,남,30대,아트 수집,스페인어,한국어,하
514,Adea,남,10대 이하,3D 프린팅,불어,아랍어,하
515,Adeana,남,50대,베이킹,불어,영어,하
516,Adebayo,남,50대,요리,영어,스페인어,중
517,Adedamola,남,30대,동물 보호 활동,한국어,아랍어,상
518,Adeeb,남,60대 이상,문화 탐구,아랍어,영어,중
519,Adeena,여,50대,3D 프린팅,영어,중국어,중
520,Adejah,여,20대,게임,불어,한국어,중
521,Adel,여,30대,사진 찍기,일어,스페인어,하
522,Adel,여,30대,시 쓰기,중국어,아랍어,상
523,Adela,여,50대,비건 생활,중국어,한국어,상
524,Adelade,여,10대 이하,크로스핏,스페인어,불어,상
525,Adelae,남,30대,제로 웨이스트 라이프스타일,영어,아랍어,중
526,Adelai,여,40대,BMX,한국어,중국어,중
527,Adelaida,여,50대,언어 교환,중국어,불어,상
528,Adelaide,여,50대,마라톤,중국어,불어,하
529,Adelaine,남,60대 이상,R&B 음악 감상,중국어,영어,중
530,Adelane,남,50대,힙합 음악 감상,스페인어,불어,중
531,Adelayde,남,40대,와인 시음,일어,중국어,하
532,Adelayne,남,50대,블로깅,스페인어,아랍어,상
533,Adele,여,10대 이하,댄스 클래스 참가,일어,스페인어,하
534,Adelee,여,60대 이상,작문 클래스 참가,스페인어,중국어,상
535,Adelei,여,60대 이상,암호화폐,아랍어,불어,중
536,Adeleigh,여,20대,암벽 등반,영어,중국어,상
537,Adeleine,남,20대,화초 돌보기,아랍어,한국어,중
538,Adelena,여,50대,낚시,아랍어,중국어,하
539,Adelene,남,40대,체스,아랍어,한국어,중
540,Adelheid,여,50대,메이커 운동,불어,한국어,중
541,Adeli,여,10대 이하,크로스핏,불어,아랍어,중
542,Adelia,남,40대,스탬프 수집,한국어,영어,상
543,Adelicia,남,60대 이상,인테리어 디자인,일어,스페인어,중
544,Adelie,남,30대,뮤지컬 보기,한국어,아랍어,하
545,Adelin,남,30대,등산,아랍어,영어,하
546,Adelina,남,30대,퍼즐 풀기,중국어,한국어,중
547,Adeline,여,30대,필라테스,아랍어,한국어,중
548,Adelis,여,10대 이하,드럼 치기,불어,일어,중
549,Adelisa,남,40대,축구,일어,아랍어,중
550,Adelise,여,40대,지속 가능한 생활,한국어,스페인어,상
551,Adelita,여,50대,드론 조종,중국어,한국어,하
552,Adeliz,여,40대,지리학,일어,한국어,상
553,Adell,남,10대 이하,차 시음,영어,아랍어,상
554,Adella,남,20대,축구 응원,불어,중국어,중
555,Adelle,여,10대 이하,힙합 음악 감상,영어,한국어,하
556,Adellyn,남,60대 이상,시 쓰기,한국어,중국어,중
557,Adely,여,50대,클래식 음악 감상,불어,영어,중
558,Adelyn,남,30대,번지점프,일어,중국어,상
559,Adelyne,남,40대,트라이애슬론,스페인어,중국어,상
560,Adelynn,여,30대,신재생 에너지,중국어,한국어,중
561,Adelynne,여,50대,로프 클라이밍,스페인어,불어,상
562,Adem,남,30대,환경 보호 활동,스페인어,아랍어,상
563,Aden,남,30대,만화 보기,스페인어,영어,상
564,Aden,여,40대,블로깅,아랍어,스페인어,중
565,Adena,남,40대,미니멀리즘,중국어,한국어,하
566,Adenike,여,30대,도서 읽기,스페인어,영어,하
567,Adeniyi,남,20대,패들보드,영어,아랍어,상
568,Adeola,남,10대 이하,블로깅,불어,한국어,중
569,Adeoluwa,여,20대,스노우보드,한국어,스페인어,중
570,Aderyn,여,40대,팝 음악 감상,영어,일어,중
571,Adessa,남,60대 이상,별보기,아랍어,영어,상
572,Adesuwa,여,60대 이상,빈티지 수집,영어,불어,하
573,Adetokunbo,여,20대,낚시,아랍어,불어,상
574,Adewale,여,60대 이상,차 시음,중국어,스페인어,상
575,Adham,남,50대,록 음악 감상,아랍어,한국어,중
576,Adhav,여,30대,블록체인,일어,중국어,하
577,Adheesh,남,60대 이상,역사 탐구,스페인어,일어,상
578,Adhira,여,50대,필라테스,아랍어,영어,중
579,Adhrit,여,20대,보안 연구,아랍어,불어,상
580,Adhvaith,남,10대 이하,요리,스페인어,중국어,중
581,Adhya,여,20대,체스,스페인어,불어,하
582,Adi,남,20대,스노우보드,영어,한국어,중
583,Adi,남,50대,빈티지 수집,영어,중국어,중
584,Adia,남,20대,오페라 감상,아랍어,한국어,하
585,Adiah,남,30대,환경 보호 활동,일어,영어,중
586,Adian,남,30대,건강 및 웰니스,한국어,영어,상
587,Adiana,남,60대 이상,신재생 에너지,중국어,불어,상
588,Adianez,남,20대,글쓰기,아랍어,불어,상
589,Adianna,남,10대 이하,힙합 음악 감상,불어,아랍어,상
590,Adib,여,60대 이상,3D 프린팅,스페인어,중국어,하
591,Adiba,남,40대,동물 보호 활동,아랍어,한국어,하
592,Adie,여,20대,힙합 음악 감상,불어,영어,상
593,Adiel,남,40대,메탈 음악 감상,한국어,일어,중
594,Adiel,남,60대 이상,글쓰기,영어,일어,하
595,Adiella,남,10대 이하,사진 찍기,영어,한국어,중
596,Adien,여,50대,동물 보호 활동,불어,아랍어,하
597,Adil,남,30대,모터스포츠,불어,중국어,중
598,Adilee,남,50대,빈티지 수집,영어,중국어,중
599,Adilen,여,60대 이상,맥주 제조,한국어,스페인어,하
600,Adilene,여,50대,정원 가꾸기,불어,영어,상
601,Adilenne,남,10대 이하,개인 금융 관리,스페인어,한국어,상
602,Adilyn,여,20대,차 시음,영어,일어,상
603,Adilyne,여,30대,미술 클래스 참가,중국어,영어,중
604,Adilynn,남,50대,메이커 운동,영어,한국어,상
605,Adilynne,남,30대,그림 그리기,한국어,불어,중
606,Adin,여,30대,신재생 에너지,일어,불어,중
607,Adina,여,40대,로봇 제작,영어,스페인어,중
608,Adir,남,50대,아트 수집,스페인어,중국어,중
609,Adira,여,50대,보안 연구,중국어,일어,하
610,Adis,남,10대 이하,마라톤,영어,아랍어,하
611,Adisa,여,30대,공부,아랍어,중국어,하
612,Adisen,남,30대,카누,스페인어,중국어,하
613,Adison,여,20대,건강 및 웰니스,아랍어,한국어,상
614,Adison,남,20대,스키,중국어,영어,하
615,Adisson,여,60대 이상,요리 클래스 참가,중국어,아랍어,중
616,Adisyn,여,20대,여행,불어,영어,하
617,Adisynn,남,30대,크로스핏,불어,스페인어,하
618,Adisynne,남,10대 이하,환경 보호 활동,아랍어,영어,하
619,Adit,남,20대,록 음악 감상,한국어,중국어,하
620,Adith,남,30대,퍼즐 풀기,스페인어,한국어,하
621,Adithi,남,60대 이상,차 시음,스페인어,불어,상
622,Adithya,남,10대 이하,스키,중국어,일어,중
623,Aditi,여,60대 이상,천문학,영어,아랍어,중
624,Aditri,남,40대,우주 탐사,아랍어,일어,하
625,Aditya,여,30대,신재생 에너지,영어,스페인어,상
626,Adiva,남,30대,오토바이 타기,일어,아랍어,중
627,Adiya,여,50대,번지점프,불어,중국어,상
628,Adja,여,40대,모터스포츠,불어,영어,중
629,Adjoa,여,30대,R&B 음악 감상,영어,불어,상
630,Adlai,남,40대,블로깅,영어,불어,중
631,Adlee,여,30대,카누,중국어,한국어,하
632,Adleigh,남,60대 이상,블록체인,한국어,중국어,하
633,Adler,여,40대,스카이다이빙,아랍어,영어,하
634,Adler,여,10대 이하,인테리어 디자인,불어,한국어,하
635,Adley,남,20대,글쓰기,스페인어,아랍어,하
636,Adley,여,30대,해킹,아랍어,중국어,상
637,Adlin,여,10대 이하,스케이트보드,불어,일어,하
638,Adlyn,여,50대,자격증 따기,중국어,아랍어,하
639,Adlynn,여,40대,기타 연주,중국어,한국어,상
640,Admire,남,20대,영화 감상,영어,한국어,하
641,Adna,여,40대,천문학,일어,한국어,중
642,Adnan,남,10대 이하,미술 클래스 참가,한국어,아랍어,중
643,Adolfo,남,40대,요리 클래스 참가,영어,한국어,중
644,Adolph,여,20대,역사 탐구,불어,영어,상
645,Adon,여,10대 이하,사진 찍기,불어,중국어,중
646,Adonai,남,20대,증강 현실,한국어,중국어,중
647,Adonai,여,50대,필라테스,영어,일어,중
648,Adonay,남,50대,자원 봉사,중국어,아랍어,하
649,Adoni,여,10대 이하,신재생 에너지,스페인어,중국어,상
650,Adonia,여,30대,연극 보기,일어,중국어,상
651,Adonias,남,10대 이하,만화 보기,아랍어,한국어,상
652,Adonijah,남,50대,등산,한국어,중국어,중
653,Adoniram,남,60대 이상,패들보드,스페인어,영어,상
654,Adonis,남,10대 이하,블로깅,불어,일어,중
655,Adonnis,여,40대,클래식 음악 감상,중국어,스페인어,중
656,Adora,남,20대,필라테스,일어,불어,하
657,Adorabella,여,40대,로프 클라이밍,영어,스페인어,상
658,Adore,여,40대,캠핑,중국어,아랍어,중
659,Adorian,남,60대 이상,DIY 프로젝트,스페인어,일어,상
660,Adra,남,20대,별보기,한국어,스페인어,중
661,Adrain,여,20대,요가,영어,한국어,상
662,Adran,남,20대,힙합 음악 감상,아랍어,영어,중
663,Adream,남,10대 이하,베이킹,한국어,스페인어,상
664,Adrean,여,40대,로봇 제작,일어,한국어,상
665,Adreana,여,50대,R&B 음악 감상,한국어,아랍어,중
666,Adreanna,여,60대 이상,시 쓰기,불어,일어,중
667,Adreena,남,20대,쇼핑,일어,한국어,중
668,Adrein,여,40대,동물 돌보기,스페인어,한국어,상
669,Adren,남,50대,정원 가꾸기,영어,아랍어,하
670,Adrena,여,10대 이하,베이킹,불어,아랍어,상
671,Adri,남,60대 이상,언어 교환,불어,아랍어,상
672,Adri,여,40대,자원 봉사,일어,스페인어,상
673,Adria,여,10대 이하,정원 가꾸기,중국어,한국어,하
674,Adriaan,여,30대,스노우보드,중국어,일어,상
675,Adriah,여,50대,퍼즐 풀기,스페인어,영어,중
676,Adriahna,남,10대 이하,빈티지 수집,영어,중국어,상
677,Adrian,여,10대 이하,낚시,아랍어,중국어,중
678,Adrian,남,10대 이하,공부,한국어,스페인어,상
679,Adriana,남,50대,오토바이 타기,중국어,한국어,하
680,Adrianah,여,10대 이하,쇼핑,일어,영어,상
681,Adriane,남,50대,빈티지 수집,일어,한국어,중
682,Adriane,남,10대 이하,차 시음,일어,한국어,중
683,Adriann,남,40대,클래식 음악 감상,스페인어,중국어,하
684,Adriann,여,20대,재즈 음악 감상,아랍어,불어,상
685,Adrianna,남,60대 이상,드론 조종,한국어,불어,중
686,Adriannah,남,10대 이하,오토바이 타기,일어,스페인어,중
687,Adrianne,여,40대,농구 응원,일어,중국어,하
688,Adrianno,남,30대,필라테스,한국어,영어,상
689,Adriano,남,50대,지리학,중국어,영어,상
690,Adriauna,남,10대 이하,지리학,영어,일어,중
691,Adric,남,60대 이상,화초 돌보기,한국어,영어,상
692,Adrick,남,60대 이상,지속 가능한 생활,일어,스페인어,상
693,Adrie,남,50대,도서 읽기,영어,일어,상
694,Adriean,남,60대 이상,문화 탐구,영어,불어,하
695,Adrieanna,여,60대 이상,패러글라이딩,일어,한국어,하
696,Adriel,여,60대 이상,체스,아랍어,스페인어,하
697,Adriel,여,20대,오페라 감상,불어,중국어,하
698,Adriela,남,20대,오토바이 타기,중국어,아랍어,상
699,Adriell,여,60대 이상,자격증 따기,아랍어,중국어,하
700,Adriella,남,20대,패션 디자인,스페인어,아랍어,하
701,Adrielle,여,10대 이하,마술,한국어,아랍어,하
702,Adrien,남,10대 이하,스탬프 수집,불어,한국어,중
703,Adrien,남,50대,서핑,한국어,중국어,상
704,Adriena,여,20대,수영,스페인어,중국어,중
705,Adriene,남,20대,투자 및 주식,스페인어,불어,중
706,Adrienna,남,60대 이상,재즈 음악 감상,중국어,일어,하
707,Adrienne,남,20대,필라테스,불어,일어,중
708,Adrijana,여,40대,제로 웨이스트 라이프스타일,불어,스페인어,상
709,Adrik,여,10대 이하,증강 현실,아랍어,중국어,상
710,Adrina,여,10대 이하,스카이다이빙,스페인어,불어,하
711,Adrinna,남,10대 이하,도서 읽기,아랍어,한국어,하
712,Adrion,여,60대 이상,팝 음악 감상,아랍어,영어,중
713,Adriona,여,50대,댄스 클래스 참가,한국어,아랍어,하
714,Adrionna,남,40대,록 음악 감상,아랍어,스페인어,상
715,Adrius,여,20대,환경 보호 활동,스페인어,한국어,중
716,Adriyana,남,30대,패션 디자인,중국어,스페인어,하
717,Adriyanna,남,30대,역사 탐구,영어,아랍어,하
718,Adron,남,50대,배드민턴,아랍어,일어,하
719,Adry,남,30대,카약,아랍어,한국어,하
720,Adryan,남,60대 이상,쇼핑,아랍어,한국어,하
721,Adryan,남,40대,미니멀리즘,일어,중국어,상
722,Adryana,남,10대 이하,동물 돌보기,불어,한국어,상
723,Adryanna,여,20대,와인 시음,영어,한국어,하
724,Adryel,여,50대,BMX,아랍어,일어,하
725,Adryen,남,50대,여행,아랍어,일어,상
726,Adut,남,40대,사진 찍기,중국어,아랍어,중
727,Advait,여,60대 이상,요리,한국어,아랍어,하
728,Advaith,남,60대 이상,피아노 연주,영어,일어,상
729,Advay,남,30대,커뮤니티 서비스,스페인어,영어,상
730,Advik,남,50대,공부,일어,영어,상
731,Advika,남,60대 이상,증강 현실,한국어,스페인어,상
732,Adwin,남,60대 이상,오페라 감상,일어,한국어,상
733,Adwita,여,50대,게임,아랍어,불어,중
734,Adwoa,여,50대,댄스 클래스 참가,불어,일어,중
735,Ady,남,50대,BMX,아랍어,한국어,상
736,Adya,여,40대,제로 웨이스트 라이프스타일,한국어,아랍어,상
737,Adyan,남,30대,번지점프,한국어,일어,하
738,Adyanna,여,60대 이상,메이커 운동,일어,아랍어,하
739,Adyant,여,40대,블로깅,영어,한국어,하
740,Adyen,여,10대 이하,축구,스페인어,일어,중
741,Adylene,여,20대,마술,아랍어,일어,중
742,Adylin,여,30대,동물 돌보기,불어,일어,하
743,Adyline,남,60대 이상,패들보드,스페인어,영어,상
744,Adyn,여,50대,스쿠버 다이빙,한국어,스페인어,중
745,Adyn,여,40대,우주 탐사,아랍어,영어,하
746,Adynn,여,20대,서핑,스페인어,영어,상
747,Adysen,여,40대,스쿠버 다이빙,일어,아랍어,중
748,Adyson,남,50대,코인 수집,아랍어,영어,상
749,Adyson,남,40대,체스,일어,아랍어,중
750,Adysson,남,60대 이상,산악 자전거,일어,중국어,하
751,Adysyn,여,60대 이상,비건 생활,아랍어,중국어,하
752,Aedan,여,20대,맥주 제조,중국어,스페인어,상
753,Aeden,남,40대,마라톤,중국어,한국어,하
754,Aedin,남,40대,록 음악 감상,아랍어,한국어,하
755,Aedon,남,50대,지속 가능한 생활,일어,불어,상
756,Aedyn,남,50대,게임,스페인어,일어,상
757,Aeiden,남,60대 이상,팝 음악 감상,스페인어,중국어,하
758,Aela,여,20대,천문학,한국어,영어,중
759,Aeleen,여,10대 이하,댄스 클래스 참가,한국어,중국어,중
760,Aelyn,여,10대 이하,가상 현실,영어,한국어,하
761,Aemon,여,40대,메이커 운동,중국어,불어,하
762,Aeneas,남,20대,천문학,영어,스페인어,상
763,Aengus,남,40대,전자 음악 감상,영어,한국어,중
764,Aeon,여,20대,마술,일어,불어,중
765,Aeon,남,50대,드럼 치기,아랍어,중국어,하
766,Aerabella,남,40대,개인 금융 관리,한국어,아랍어,하
767,Aeralyn,남,20대,커피 추출,아랍어,영어,중
768,Aeralynn,여,50대,작문 클래스 참가,불어,스페인어,중
769,Aerial,남,60대 이상,피아노 연주,영어,불어,상
770,Aeriana,여,40대,힙합 음악 감상,한국어,불어,중
771,Aerianna,남,20대,암호화폐,아랍어,불어,상
772,Aeric,남,20대,빈티지 수집,일어,영어,하
773,Aerick,남,50대,보드게임,한국어,중국어,중
774,Aerie,여,50대,체스,한국어,불어,중
775,Aeriel,남,60대 이상,블로깅,한국어,중국어,상
776,Aerielle,남,60대 이상,등산,중국어,일어,중
777,Aerik,남,50대,제로 웨이스트 라이프스타일,한국어,불어,중
778,Aerilyn,여,20대,언어 교환,불어,중국어,상
779,Aerilynn,남,50대,팝 음악 감상,영어,스페인어,하
780,Aerin,남,50대,드럼 치기,일어,아랍어,중
781,Aerion,여,20대,베이킹,일어,불어,상
782,Aeriona,남,60대 이상,힙합 음악 감상,스페인어,아랍어,하
783,Aerionna,여,50대,와인 시음,스페인어,중국어,하
784,Aeris,여,50대,3D 프린팅,한국어,일어,중
785,Aerith,남,60대 이상,쇼핑,중국어,일어,하
786,Aero,여,40대,트라이애슬론,아랍어,스페인어,하
787,Aeron,여,60대 이상,오페라 감상,스페인어,일어,하
788,Aerowyn,여,10대 이하,베이킹,아랍어,불어,상
789,Aeryanna,여,60대 이상,언어 학습,중국어,일어,중
790,Aeryn,여,30대,미술 클래스 참가,아랍어,영어,하
791,Aesa,여,20대,캠핑,영어,일어,중
792,Aesha,남,40대,문화 탐구,스페인어,일어,하
793,Aeson,여,20대,요리 클래스 참가,중국어,스페인어,상
794,Aeva,남,40대,새 관찰,중국어,일어,중
795,Affan,남,60대 이상,가상 현실,중국어,불어,상
796,Afia,여,40대,그림 그리기,불어,중국어,하
797,Afifa,남,20대,오토바이 타기,중국어,영어,하
798,Afina,남,30대,모터스포츠,아랍어,일어,하
799,Afiya,여,30대,R&B 음악 감상,일어,불어,상
800,Afnan,여,10대 이하,블록체인,한국어,불어,상
801,Afnan,여,40대,스노우보드,스페인어,한국어,하
802,Afomia,남,60대 이상,비건 생활,영어,일어,하
803,Afra,여,40대,바둑,불어,아랍어,하
804,Afrah,남,20대,요가,일어,중국어,상
805,Afraz,남,30대,커뮤니티 서비스,일어,영어,하
806,Afreen,여,50대,요가,아랍어,영어,상
807,Africa,남,10대 이하,로프 클라이밍,스페인어,일어,하
808,Afsa,여,20대,동물 돌보기,아랍어,영어,하
809,Afsheen,남,60대 이상,요가,영어,스페인어,상
810,Aftin,여,30대,카약,한국어,아랍어,하
811,Afton,남,30대,우주 탐사,불어,일어,중
812,Afton,남,40대,커뮤니티 서비스,스페인어,중국어,상
813,Aftyn,여,40대,베이킹,불어,영어,상
814,Afua,남,50대,도서 읽기,불어,스페인어,상
815,Agam,남,60대 이상,맥주 제조,중국어,한국어,하
816,Agam,여,30대,퍼즐 풀기,스페인어,불어,하
817,Agape,남,40대,카누,아랍어,일어,상
818,Agapito,남,60대 이상,오토바이 타기,중국어,일어,중
819,Agasthya,여,30대,스탬프 수집,아랍어,일어,중
820,Agastya,여,40대,트라이애슬론,아랍어,스페인어,중
821,Agata,남,10대 이하,작문 클래스 참가,아랍어,불어,중
822,Agatha,남,10대 이하,동물 보호 활동,불어,한국어,중
823,Agnes,여,10대 이하,도서 읽기,불어,한국어,상
824,Agostino,남,30대,새 관찰,일어,아랍어,상
825,Agrima,남,60대 이상,만화 보기,일어,스페인어,중
826,Agustin,여,50대,노래하기,영어,일어,상
827,Agustina,남,30대,문화 탐구,스페인어,아랍어,하
828,Agustus,남,50대,요리 클래스 참가,한국어,아랍어,중
829,Ahaan,여,30대,암벽 등반,중국어,일어,상
830,Ahaana,여,50대,스쿠버 다이빙,영어,스페인어,하
831,Ahad,여,50대,투자 및 주식,아랍어,스페인어,상
832,Ahamed,남,20대,모터스포츠,아랍어,불어,중
833,Ahan,여,20대,메탈 음악 감상,불어,중국어,상
834,Ahana,남,50대,가상 현실,불어,중국어,중
835,Ahanu,남,10대 이하,마라톤,한국어,영어,상
836,Aharon,여,60대 이상,마술,불어,스페인어,상
837,Ahava,여,60대 이상,인테리어 디자인,영어,중국어,하
838,Ahian,여,60대 이상,와인 시음,스페인어,불어,상
839,Ahilyn,여,40대,메이커 운동,한국어,중국어,중
840,Ahja,여,30대,다이빙,스페인어,중국어,하
841,Ahjanae,여,30대,노래하기,불어,아랍어,중
842,Ahlam,남,30대,작문 클래스 참가,영어,불어,중
843,Ahlana,남,10대 이하,자격증 따기,일어,아랍어,상
844,Ahlani,남,30대,지리학,스페인어,중국어,중
845,Ahlanna,여,10대 이하,도서 읽기,스페인어,중국어,상
846,Ahlaya,여,20대,요가,일어,한국어,상
847,Ahlayah,남,20대,화초 돌보기,영어,스페인어,하
848,Ahleah,여,60대 이상,산악 자전거,일어,불어,중
849,Ahlena,남,20대,자원 봉사,중국어,불어,상
850,Ahlia,남,10대 이하,낚시,불어,중국어,상
851,Ahlias,여,40대,블록체인,중국어,스페인어,하
852,Ahliya,여,30대,천문학,한국어,불어,하
853,Ahliyah,남,30대,인테리어 디자인,불어,스페인어,상
854,Ahlyssa,남,30대,코인 수집,스페인어,영어,하
855,Ahmaad,남,40대,드럼 치기,아랍어,일어,중
856,Ahmad,남,30대,제로 웨이스트 라이프스타일,중국어,아랍어,하
857,Ahmadou,여,40대,뮤지컬 보기,불어,일어,상
858,Ahmani,여,40대,다이빙,아랍어,일어,상
859,Ahmani,여,30대,암벽 등반,아랍어,일어,상
860,Ahmar,여,20대,등산,스페인어,불어,하
861,Ahmari,여,60대 이상,게임,한국어,스페인어,하
862,Ahmari,남,10대 이하,스탬프 수집,일어,한국어,중
863,Ahmaud,여,30대,R&B 음악 감상,불어,중국어,상
864,Ahmauri,여,40대,요리 클래스 참가,중국어,아랍어,하
865,Ahmaya,남,10대 이하,별보기,중국어,영어,상
866,Ahmed,남,40대,역사 탐구,불어,영어,하
867,Ahmeer,여,50대,수영,일어,영어,상
868,Ahmere,남,20대,차 시음,스페인어,한국어,하
869,Ahmet,여,50대,지리학,영어,불어,중
870,Ahmia,남,40대,지리학,중국어,아랍어,상
871,Ahmiah,여,10대 이하,퍼즐 풀기,중국어,아랍어,중
872,Ahmier,여,60대 이상,개인 금융 관리,한국어,일어,하
873,Ahmir,여,40대,정원 가꾸기,한국어,중국어,상
874,Ahmira,여,30대,공부,한국어,일어,상
875,Ahmirah,여,20대,와인 시음,중국어,일어,하
876,Ahmire,남,60대 이상,천문학,한국어,영어,중
877,Ahmiya,남,40대,동물 돌보기,중국어,불어,상
878,Ahmiyah,여,10대 이하,스카이다이빙,영어,중국어,중
879,Ahmod,여,30대,언어 교환,아랍어,한국어,상
880,Ahmond,남,60대 이상,록 음악 감상,중국어,영어,상
881,Ahmoni,남,20대,R&B 음악 감상,아랍어,중국어,중
882,Ahmya,여,30대,요리 클래스 참가,중국어,한국어,하
883,Ahmyah,남,30대,지속 가능한 생활,아랍어,불어,하
884,Ahmyiah,여,30대,댄스 클래스 참가,일어,영어,상
885,Ahna,여,30대,댄스 클래스 참가,한국어,스페인어,중
886,Ahnaf,여,20대,바둑,영어,일어,하
887,Ahnalee,여,20대,해킹,아랍어,영어,중
888,Ahnesti,남,10대 이하,암벽 등반,아랍어,영어,상
889,Ahnesty,남,30대,힙합 음악 감상,한국어,스페인어,하
890,Ahni,남,40대,암벽 등반,영어,스페인어,상
891,Ahnika,남,30대,제로 웨이스트 라이프스타일,불어,아랍어,중
892,Ahnisty,여,60대 이상,커피 추출,아랍어,스페인어,하
893,Ahniya,남,40대,요리 클래스 참가,영어,아랍어,중
894,Ahniyah,남,40대,자격증 따기,스페인어,중국어,상
895,Ahnya,여,60대 이상,비건 생활,불어,일어,하
896,Ahnyah,남,60대 이상,미니멀리즘,중국어,한국어,상
897,Ahnyla,남,60대 이상,여행,불어,아랍어,상
898,Ahonesti,여,40대,도서 읽기,아랍어,중국어,상
899,Ahren,남,20대,커뮤니티 서비스,영어,불어,중
900,Ahria,여,50대,동물 보호 활동,아랍어,영어,중
901,Ahriana,남,50대,스키,아랍어,한국어,상
902,Ahrianna,여,50대,오페라 감상,스페인어,일어,하
903,Ahriyah,여,60대 이상,오토바이 타기,스페인어,일어,중
904,Ahron,여,60대 이상,건강 및 웰니스,불어,영어,중
905,Ahsan,남,20대,캠핑,한국어,영어,중
906,Ahtziri,여,10대 이하,스케이트보드,아랍어,한국어,중
907,Ahtziry,남,10대 이하,언어 교환,불어,스페인어,중
908,Ahuva,남,50대,영화 감상,일어,아랍어,하
909,Ahyan,여,40대,낚시,일어,스페인어,상
910,Ahzaria,여,20대,스키,일어,한국어,하
911,Ai,남,20대,축구,일어,불어,상
912,Aiana,남,50대,오토바이 타기,한국어,일어,중
913,Aianna,여,20대,캠핑,스페인어,아랍어,하
914,Aibhilin,남,20대,여행,한국어,중국어,중
915,Aibhlinn,여,10대 이하,로봇 제작,불어,영어,상
916,Aicha,여,20대,인테리어 디자인,스페인어,아랍어,하
917,Aida,여,10대 이하,코인 수집,스페인어,한국어,중
918,Aidah,남,20대,베이킹,중국어,스페인어,하
919,Aidaly,여,50대,패션 디자인,불어,스페인어,하
920,Aidalyn,여,20대,축구,중국어,한국어,상
921,Aidan,여,10대 이하,커뮤니티 서비스,중국어,스페인어,하
922,Aidan,남,20대,신재생 에너지,스페인어,일어,중
923,Aidanjames,남,50대,메이커 운동,스페인어,영어,하
924,Aidden,여,40대,드론 조종,불어,스페인어,중
925,Aide,남,40대,가상 현실,일어,중국어,하
926,Aidee,여,30대,BMX,일어,불어,중
927,Aideen,남,60대 이상,필라테스,영어,일어,하
928,Aidel,남,50대,역사 탐구,영어,중국어,상
929,Aideliz,여,50대,연극 보기,중국어,한국어,중
930,Aiden,남,40대,커뮤니티 서비스,영어,불어,중
931,Aiden,여,30대,글쓰기,불어,일어,상
932,Aidenjames,여,40대,코인 수집,아랍어,중국어,상
933,Aidenjoseph,남,50대,스케이트보드,불어,아랍어,하
934,Aidenmichael,여,40대,낚시,스페인어,일어,중
935,Aidenn,여,10대 이하,마라톤,중국어,영어,중
936,Aidian,남,30대,그림 그리기,일어,영어,상
937,Aidin,남,10대 이하,시 쓰기,불어,일어,하
938,Aidon,남,50대,동물 돌보기,한국어,아랍어,하
939,Aidrian,여,20대,기타 연주,스페인어,일어,상
940,Aidric,남,60대 이상,차 시음,한국어,아랍어,상
941,Aidyn,남,30대,미니멀리즘,스페인어,아랍어,중
942,Aidyn,여,10대 이하,맥주 제조,한국어,아랍어,상
943,Aidynn,남,30대,모터스포츠,불어,영어,상
944,Aidynn,남,60대 이상,드론 조종,불어,중국어,하
945,Aiesha,여,30대,보드게임,아랍어,스페인어,하
946,Aiiden,남,40대,등산,영어,스페인어,상
947,Aija,여,40대,보안 연구,일어,스페인어,하
948,Aijah,여,30대,바둑,중국어,스페인어,하
949,Aijalon,여,60대 이상,축구 응원,아랍어,영어,하
950,Aijalon,남,40대,와인 시음,아랍어,한국어,중
951,Aika,여,60대 이상,아트 수집,일어,불어,하
952,Aiken,남,10대 이하,영화 감상,아랍어,영어,하
953,Aiko,여,10대 이하,미술 클래스 참가,일어,불어,상
954,Aila,여,40대,마라톤,스페인어,일어,하
955,Ailah,여,20대,메탈 음악 감상,스페인어,일어,상
956,Ailana,남,50대,스쿠버 다이빙,스페인어,중국어,중
957,Ailani,여,20대,축구 응원,한국어,아랍어,하
958,Ailanie,남,30대,산악 자전거,영어,중국어,상
959,Ailany,여,30대,패션 디자인,중국어,아랍어,상
960,Aile,여,30대,전자 음악 감상,일어,스페인어,중
961,Ailea,남,40대,화초 돌보기,스페인어,일어,하
962,Aileah,남,20대,힙합 음악 감상,불어,아랍어,하
963,Aileana,남,50대,배드민턴,중국어,아랍어,중
964,Ailed,여,40대,게임,아랍어,한국어,상
965,Ailee,남,60대 이상,번지점프,일어,아랍어,하
966,Aileen,여,40대,스키,일어,스페인어,중
967,Aileena,남,20대,블록체인,영어,일어,하
968,Aileene,남,40대,만화 보기,일어,아랍어,중
969,Ailen,남,30대,그림 그리기,영어,아랍어,하
970,Ailena,남,20대,사진 찍기,스페인어,영어,상
971,Ailene,여,40대,패러글라이딩,스페인어,중국어,중
972,Aileth,여,20대,자격증 따기,일어,영어,상
973,Ailey,남,50대,스노우보드,영어,불어,중
974,Aili,남,40대,스카이다이빙,스페인어,불어,중
975,Ailia,여,40대,자원 봉사,중국어,영어,상
976,Ailie,남,50대,미니멀리즘,중국어,한국어,하
977,Ailin,여,20대,스노우보드,아랍어,일어,하
978,Ailine,여,30대,스키,영어,중국어,중
979,Ailis,여,50대,오토바이 타기,한국어,아랍어,하
980,Ailish,여,10대 이하,블록체인,중국어,일어,하
981,Ailsa,남,10대 이하,미술 클래스 참가,한국어,불어,중
982,Aily,남,40대,서핑,불어,스페인어,중
983,Ailyn,여,30대,글쓰기,스페인어,영어,상
984,Ailyne,남,20대,지속 가능한 생활,불어,한국어,하
985,Ailynn,여,60대 이상,글쓰기,스페인어,영어,하
986,Aiman,여,50대,투자 및 주식,중국어,영어,하
987,Aimar,남,60대 이상,신재생 에너지,불어,스페인어,하
988,Aime,여,30대,미술 클래스 참가,아랍어,불어,중
989,Aimee,남,30대,우주 탐사,영어,스페인어,하
990,Aimen,여,60대 이상,로봇 제작,중국어,영어,하
991,Aimi,여,60대 이상,댄스 클래스 참가,일어,스페인어,중
992,Aimie,여,50대,산악 자전거,일어,아랍어,상
993,Aimme,남,20대,필라테스,일어,스페인어,상
994,Aimon,여,40대,수영,불어,한국어,중
995,Aimy,남,20대,재즈 음악 감상,아랍어,스페인어,중
996,Aina,남,30대,농구 응원,한국어,스페인어,중
997,Ainara,여,60대 이상,드론 조종,한국어,중국어,상
998,Aine,여,10대 이하,메이커 운동,중국어,불어,중
999,Ainhoa,남,40대,오토바이 타기,중국어,스페인어,상
1000,Ainslee,여,30대,보안 연구,불어,중국어,상
1001,Ainsleigh,여,20대,명상,스페인어,중국어,중
