User_ID,이름,성별,연령대,자기 소개,모국어,외국어,외국어 수준
1,Teodora,남,0대,지리학,korean,arabic,상
2,Koralynn,남,20대,바둑,spanish,english,하
3,Ryin,여,40대,필라테스,spanish,korean,상
4,Gizele,여,40대,패러글라이딩,english,chinese,중
5,Jahnvi,여,20대,메탈 음악 감상,japanese,arabic,상
6,Kimberli,남,60대,배드민턴,spanish,chinese,중
7,Tymere,남,40대,투자 및 주식,japanese,english,상
8,Trelynn,남,50대,환경 보호 활동,korean,english,상
9,Nazariyah,남,20대,블록체인,korean,arabic,중
10,Neomi,남,20대,영화 감상,french,korean,하
11,Brighid,남,0대,다이빙,spanish,japanese,하
12,Johnthomas,여,20대,보안 연구,korean,english,상
13,Meher,여,60대,로프 클라이밍,english,french,하
14,Zaliyah,여,50대,모터스포츠,chinese,spanish,상
15,Fatemah,남,50대,패러글라이딩,korean,english,중
16,Delylah,여,0대,코인 수집,chinese,arabic,상
17,Aerionna,남,50대,언어 교환,spanish,french,중
18,Zyaira,여,50대,기타 연주,english,spanish,중
19,Dalayla,남,60대,개인 금융 관리,chinese,english,상
20,Armad,남,30대,영화 감상,english,japanese,상
21,Khloemae,남,20대,차 시음,chinese,japanese,상
22,Benhur,여,20대,팝 음악 감상,french,chinese,하
23,Jency,남,30대,지속 가능한 생활,korean,arabic,상
24,Marilin,여,30대,오페라 감상,english,chinese,상
25,Kuzey,여,50대,카약,japanese,arabic,하
26,Creek,남,0대,명상,english,korean,하
27,Makaih,여,40대,축구 응원,arabic,french,상
28,Nicolis,남,60대,시 쓰기,french,arabic,상
29,Nuno,남,30대,농구 응원,english,french,하
30,Analena,남,20대,산악 자전거,chinese,english,중
31,Nayleen,남,30대,동물 보호 활동,english,arabic,하
32,Arlene,여,20대,화초 돌보기,korean,english,하
33,Hadara,남,30대,피아노 연주,chinese,arabic,중
34,Angelika,남,40대,비건 생활,chinese,french,상
35,Veda,남,30대,언어 교환,korean,french,상
36,Lashaun,남,30대,연극 보기,spanish,japanese,중
37,Jazaria,여,30대,암벽 등반,english,japanese,중
38,Amoura,여,40대,암호화폐,french,arabic,중
39,Musashi,여,60대,암벽 등반,korean,spanish,하
40,Betzalel,남,30대,R&B 음악 감상,french,english,상
41,Tobey,여,20대,인테리어 디자인,french,arabic,하
42,Esther,여,30대,비건 생활,chinese,spanish,상
43,Kaydn,여,30대,DIY 프로젝트,arabic,french,중
44,Kasiya,남,40대,지리학,japanese,korean,중
45,Elvina,여,50대,카누,english,french,상
46,Airiana,여,40대,번지점프,english,spanish,중
47,Daileen,여,20대,보안 연구,french,chinese,하
48,Maci,여,30대,환경 보호 활동,japanese,spanish,중
49,Ry,여,30대,동물 돌보기,english,japanese,상
50,Chadrick,여,50대,스쿠버 다이빙,japanese,spanish,중
51,Samirah,남,30대,커피 추출,french,spanish,하
52,Dontae,남,50대,언어 교환,chinese,spanish,하
53,Jhourni,여,60대,개인 금융 관리,spanish,japanese,상
54,Sebastiano,남,50대,마라톤,english,chinese,하
55,Kade,남,20대,요리 클래스 참가,spanish,chinese,중
56,Giada,남,40대,천문학,english,japanese,중
57,Rocco,여,40대,배드민턴,arabic,japanese,상
58,Oliver,여,40대,재즈 음악 감상,chinese,korean,중
59,Dubraska,남,0대,필라테스,japanese,french,상
60,Aislynn,여,20대,오페라 감상,arabic,french,중
61,Aowyn,여,0대,팝 음악 감상,japanese,chinese,상
62,Lira,여,50대,암호화폐,french,arabic,하
63,Jabria,여,60대,연극 보기,korean,japanese,상
64,Debora,남,20대,스노우보드,french,english,하
65,Aspyn,남,30대,쇼핑,french,spanish,상
66,Tabari,여,40대,배드민턴,japanese,french,하
67,Lailoni,남,0대,여행,french,english,중
68,Ceazia,남,40대,메이커 운동,chinese,spanish,상
69,Raylan,남,30대,드론 조종,english,french,상
70,Briahnna,남,40대,쇼핑,chinese,japanese,상
71,Estiven,여,50대,바둑,english,chinese,상
72,Delon,여,40대,필라테스,spanish,japanese,하
73,Anajia,남,40대,환경 보호 활동,french,english,상
74,Joab,남,40대,인테리어 디자인,japanese,english,하
75,Haelyn,남,20대,암호화폐,chinese,japanese,상
76,Eshal,남,50대,해킹,korean,arabic,상
77,Makenly,여,30대,미술 클래스 참가,japanese,spanish,상
78,Samiyah,여,60대,만화 보기,french,arabic,하
79,Dominik,여,30대,춤추기,french,spanish,상
80,Lilikoi,여,0대,메이커 운동,french,japanese,상
81,Ahlanna,여,50대,비건 생활,arabic,chinese,상
82,Chole,여,0대,제로 웨이스트 라이프스타일,japanese,english,상
83,Sherod,남,20대,베이킹,arabic,spanish,중
84,Febe,남,40대,R&B 음악 감상,korean,french,상
85,Syniah,여,60대,농구 응원,french,chinese,상
86,Angeliza,여,50대,시 쓰기,spanish,arabic,상
87,Emmy,여,50대,언어 교환,arabic,korean,중
88,Quayvon,여,40대,보안 연구,japanese,spanish,하
89,Marcia,남,30대,BMX,japanese,spanish,하
90,Naoki,남,20대,보드게임,spanish,english,하
91,Emilyann,여,20대,스케이트보드,english,spanish,중
92,Zhanae,남,20대,비건 생활,chinese,korean,중
93,Lexington,남,20대,제로 웨이스트 라이프스타일,korean,french,상
94,Anjeli,여,40대,보안 연구,chinese,arabic,중
95,Karysa,남,50대,미니멀리즘,spanish,chinese,중
96,Papa,여,20대,체스,french,english,상
97,Preslei,남,0대,제로 웨이스트 라이프스타일,spanish,english,중
98,Obeth,여,30대,요가,spanish,english,하
99,Zaia,남,50대,요가,japanese,spanish,상
100,Chloeann,여,20대,사진 찍기,japanese,chinese,중
101,Frady,남,20대,3D 프린팅,korean,french,하
102,Gift,여,50대,가상 현실,japanese,arabic,중
103,Amala,여,20대,팝 음악 감상,english,chinese,상
104,Terrez,남,40대,모터스포츠,english,arabic,하
105,Zac,남,50대,블록체인,english,arabic,중
106,Jaelen,남,60대,사진 찍기,arabic,french,하
107,Theadora,여,0대,빈티지 수집,japanese,arabic,상
108,Daya,여,60대,등산,english,chinese,하
109,Alaisia,여,50대,스케이트보드,french,spanish,중
110,Syrai,여,20대,피아노 연주,japanese,chinese,하
111,Lavar,여,40대,모터스포츠,french,japanese,하
112,Kenlee,남,30대,여행,spanish,korean,하
113,Sharlet,여,0대,바둑,korean,arabic,중
114,Tylor,남,0대,스탬프 수집,french,english,중
115,Marykate,남,0대,보안 연구,chinese,japanese,하
116,Rahaf,여,40대,모터스포츠,arabic,french,상
117,Sala,남,40대,동물 돌보기,japanese,arabic,상
118,Nole,여,40대,농구 응원,french,spanish,하
119,Marissah,남,0대,산악 자전거,spanish,english,중
120,Earvin,남,30대,메이커 운동,chinese,french,상
121,Kamry,남,30대,여행,arabic,spanish,중
122,Kila,여,0대,드럼 치기,spanish,korean,하
123,Rylon,여,50대,암벽 등반,japanese,spanish,하
124,Mikel,남,20대,뮤지컬 보기,arabic,japanese,하
125,Cecil,여,20대,패들보드,english,chinese,상
126,Eloise,여,40대,농구 응원,spanish,french,하
127,Akera,남,60대,보드게임,chinese,french,하
128,Nilan,여,30대,자원 봉사,korean,chinese,하
129,Raeanna,남,0대,커피 추출,spanish,korean,중
130,Erasmus,여,40대,여행,korean,english,중
131,Latoria,여,60대,증강 현실,arabic,english,하
132,Martese,여,20대,드론 조종,french,spanish,하
133,Rayshad,남,40대,우주 탐사,english,korean,하
134,Aidian,여,40대,코인 수집,japanese,english,하
135,Erek,남,30대,BMX,english,japanese,하
136,Liselle,남,60대,등산,english,korean,상
137,Siegfried,여,20대,투자 및 주식,korean,spanish,중
138,Aimi,남,60대,춤추기,chinese,spanish,중
139,Izach,여,50대,마라톤,japanese,english,하
140,Guido,남,30대,베이킹,japanese,french,상
141,Halli,여,20대,비건 생활,arabic,spanish,상
142,Zyquavious,여,20대,스케이트보드,korean,chinese,중
143,Leighland,남,60대,스카이다이빙,korean,japanese,상
144,Maysa,남,60대,노래하기,chinese,spanish,상
145,Tilda,여,30대,재즈 음악 감상,french,chinese,상
146,Cailah,여,50대,보안 연구,japanese,chinese,중
147,Makail,남,0대,언어 학습,korean,chinese,상
148,Jaysen,여,30대,농구,french,korean,중
149,Cori,남,20대,명상,chinese,spanish,상
150,Jyden,여,30대,전자 음악 감상,spanish,korean,중
151,Najiyah,남,60대,오토바이 타기,chinese,japanese,상
152,Taishawn,남,30대,요리 클래스 참가,french,japanese,중
153,Suzeth,여,40대,배드민턴,english,japanese,상
154,Dubraska,여,60대,춤추기,english,chinese,중
155,Syrai,남,30대,춤추기,chinese,japanese,상
156,Naika,여,0대,드론 조종,japanese,arabic,상
157,Marlo,남,30대,새 관찰,japanese,korean,중
158,Jaleiya,남,30대,사진 찍기,korean,french,하
159,Halil,남,30대,커피 추출,spanish,korean,중
160,Najib,남,20대,베이킹,spanish,chinese,중
161,Rheanna,남,50대,캠핑,arabic,japanese,하
162,Almendra,여,20대,작문 클래스 참가,chinese,english,중
163,Crista,여,0대,새 관찰,chinese,french,상
164,Kendale,남,0대,새 관찰,korean,japanese,중
165,Pranav,여,40대,문화 탐구,japanese,french,중
166,Blaiden,남,50대,서핑,arabic,english,상
167,Brayli,여,30대,와인 시음,english,french,하
168,Laiana,여,60대,요가,japanese,arabic,중
169,Tzvi,남,40대,요리 클래스 참가,korean,english,중
170,Ariahna,남,60대,농구,english,arabic,중
171,Arli,남,40대,그림 그리기,korean,arabic,상
172,Daylin,여,40대,지리학,japanese,spanish,상
173,Jaiquan,여,30대,재즈 음악 감상,chinese,arabic,상
174,Peter,여,20대,환경 보호 활동,english,korean,하
175,Kinberlin,남,30대,개인 금융 관리,english,arabic,중
176,Mercy,남,60대,서핑,english,korean,중
177,Rhaya,여,0대,코딩,arabic,spanish,하
178,Christyana,남,60대,로봇 제작,french,english,상
179,Anushri,여,40대,록 음악 감상,chinese,english,중
180,Medha,남,30대,그림 그리기,korean,chinese,하
181,Janariah,남,40대,미술 클래스 참가,arabic,spanish,상
182,Tiari,여,50대,바둑,arabic,spanish,상
183,Kayler,여,30대,로프 클라이밍,french,english,상
184,Jaydon,여,20대,문화 탐구,korean,spanish,하
185,Amairany,남,20대,언어 학습,japanese,arabic,상
186,Kailynne,여,20대,R&B 음악 감상,french,korean,중
187,Ellieanna,남,40대,비건 생활,english,french,중
188,Kamal,여,20대,신재생 에너지,spanish,french,상
189,Denyla,여,20대,만화 보기,french,japanese,하
190,Hayk,남,30대,로프 클라이밍,japanese,arabic,상
191,Kaela,남,0대,오페라 감상,spanish,french,상
192,Jenai,남,30대,트라이애슬론,spanish,french,하
193,Rosamaria,여,20대,새 관찰,japanese,english,상
194,Maxximus,남,60대,스노우보드,korean,french,상
195,Jaasia,남,50대,문화 탐구,arabic,french,상
196,Karmyne,여,40대,화초 돌보기,korean,chinese,중
197,Zohar,여,20대,오페라 감상,korean,spanish,상
198,Kaliegh,여,30대,요리,arabic,chinese,하
199,Rorik,여,60대,카약,arabic,chinese,하
200,Marixa,남,20대,게임,english,spanish,하
201,Lisett,남,30대,만화 보기,korean,arabic,하
202,Dioselyn,남,30대,베이킹,chinese,korean,하
203,Jeromiah,남,50대,번지점프,french,english,중
204,Maylon,여,50대,천문학,arabic,french,중
205,Pratham,남,40대,스쿠버 다이빙,japanese,french,상
206,Risa,여,40대,코딩,english,french,중
207,Unity,여,20대,팝 음악 감상,french,english,하
208,Bryli,남,30대,시 쓰기,spanish,japanese,상
209,Balian,여,60대,블록체인,english,korean,하
210,Khloe,여,50대,전자 음악 감상,korean,spanish,중
211,Song,여,30대,기타 연주,japanese,arabic,상
212,Sahasra,남,30대,뮤지컬 보기,japanese,spanish,하
213,Chyann,남,20대,지리학,japanese,korean,하
214,Niang,여,30대,와인 시음,chinese,spanish,중
215,Elye,여,30대,정원 가꾸기,japanese,spanish,중
216,Emileah,남,40대,스케이트보드,chinese,spanish,상
217,Yeilin,여,50대,스케이트보드,japanese,french,중
218,Muneer,여,60대,새 관찰,chinese,french,하
219,Tevan,남,20대,개인 금융 관리,english,french,중
220,Micaila,여,20대,미술 클래스 참가,korean,french,상
221,Anita,남,40대,작문 클래스 참가,english,arabic,중
222,Shterna,남,50대,게임,japanese,french,하
223,Crissy,남,50대,크로스핏,arabic,french,상
224,Grae,여,0대,산악 자전거,chinese,english,중
225,Anaisa,남,20대,록 음악 감상,french,japanese,중
226,Skylar,여,60대,크로스핏,korean,english,하
227,Julissa,남,30대,별보기,french,spanish,하
228,Tylie,남,40대,트라이애슬론,arabic,chinese,하
229,Taniyha,여,30대,도서 읽기,korean,english,상
230,Laura,여,30대,빈티지 수집,french,spanish,중
231,Keydren,남,50대,카누,korean,spanish,상
232,Jhoana,여,30대,지리학,chinese,japanese,상
233,Britthany,여,60대,정원 가꾸기,french,english,상
234,Dameyon,여,0대,작문 클래스 참가,japanese,english,중
235,Odelia,남,30대,별보기,chinese,english,상
236,Saadia,여,20대,마라톤,french,spanish,중
237,Tomasz,여,0대,3D 프린팅,japanese,english,하
238,Jessamine,여,20대,기타 연주,english,korean,상
239,Laiken,남,40대,수영,english,spanish,중
240,Lexey,여,40대,차 시음,arabic,french,중
241,Chaz,여,30대,보안 연구,chinese,korean,하
242,Cristyn,여,40대,연극 보기,english,japanese,하
243,Innocence,남,40대,드럼 치기,english,french,하
244,Javarious,남,20대,메탈 음악 감상,french,japanese,하
245,Kord,남,30대,미술 클래스 참가,english,spanish,상
246,Daysy,여,50대,미니멀리즘,chinese,japanese,하
247,Dharma,남,30대,캠핑,english,chinese,상
248,Ramaya,남,20대,보드게임,spanish,arabic,중
249,Elenor,여,20대,새 관찰,french,spanish,상
250,Hawkin,여,40대,베이킹,korean,arabic,상
251,Semiya,남,50대,클래식 음악 감상,spanish,english,중
252,Arley,남,30대,3D 프린팅,spanish,french,상
253,Tymeir,여,30대,비건 생활,arabic,japanese,하
254,Eleanore,남,0대,비건 생활,korean,spanish,중
255,Zahra,여,20대,요리 클래스 참가,chinese,spanish,상
256,Moroni,남,30대,게임,korean,japanese,상
257,Keyon,남,60대,정원 가꾸기,japanese,arabic,상
258,Yaser,남,60대,공부,chinese,spanish,하
259,Kooper,남,50대,스탬프 수집,chinese,french,하
260,Cherokee,여,20대,코인 수집,spanish,arabic,상
261,Hasita,여,20대,등산,french,arabic,상
262,Sarabeth,여,60대,비건 생활,english,arabic,상
263,Vivianne,여,20대,문화 탐구,chinese,japanese,중
264,Jermiya,남,40대,인테리어 디자인,spanish,chinese,하
265,Kandra,남,0대,암호화폐,chinese,japanese,상
266,Nataliya,여,40대,제로 웨이스트 라이프스타일,arabic,japanese,하
267,Deundra,여,40대,캠핑,korean,french,하
268,Samvel,여,30대,사진 찍기,chinese,japanese,하
269,Waldemar,남,60대,스쿠버 다이빙,french,english,중
270,Tanav,여,60대,새 관찰,arabic,spanish,상
271,Prerana,여,20대,댄스 클래스 참가,english,french,상
272,Tabias,여,0대,블록체인,japanese,english,중
273,Sloane,남,20대,드론 조종,chinese,arabic,중
274,Everson,여,30대,배드민턴,spanish,arabic,중
275,Hudy,남,60대,스노우보드,korean,japanese,하
276,Phoenixx,여,40대,체스,japanese,arabic,중
277,Akaylia,남,0대,오페라 감상,english,korean,하
278,Jyah,남,40대,만화 보기,korean,french,하
279,Joyanna,남,30대,모터스포츠,korean,chinese,상
280,Geno,남,50대,인테리어 디자인,english,japanese,하
281,Christion,여,0대,요리,english,spanish,상
282,Jamilyn,남,20대,새 관찰,korean,english,상
283,Levin,여,20대,별보기,chinese,korean,상
284,Cable,여,30대,배드민턴,arabic,english,상
285,Kiano,남,30대,스노우보드,english,japanese,상
286,Arayiah,남,40대,동물 보호 활동,chinese,korean,하
287,Nyra,여,60대,힙합 음악 감상,spanish,french,하
288,Cassidi,남,40대,보안 연구,spanish,japanese,하
289,Hasan,여,30대,명상,japanese,english,하
290,Niylah,여,20대,작문 클래스 참가,korean,chinese,중
291,Rami,남,60대,맥주 제조,arabic,spanish,중
292,Daziyah,남,40대,춤추기,french,chinese,상
293,Sailor,남,30대,모터스포츠,spanish,english,하
294,Kerin,남,40대,바둑,korean,spanish,중
295,Cobey,여,20대,기타 연주,english,french,상
296,Kortnie,여,0대,블록체인,japanese,spanish,상
297,Darionna,남,0대,스쿠버 다이빙,english,chinese,상
298,Analisa,남,30대,제로 웨이스트 라이프스타일,japanese,chinese,하
299,Aciano,남,20대,지리학,chinese,japanese,하
300,Oasis,여,50대,낚시,english,spanish,중
301,Josia,남,30대,역사 탐구,korean,chinese,상
302,Yariela,남,20대,기타 연주,english,japanese,중
303,Blakeleigh,남,30대,힙합 음악 감상,arabic,spanish,하
304,Sathvik,남,40대,아트 수집,french,english,상
305,Britain,여,0대,스키,spanish,chinese,하
306,Tariana,여,30대,아트 수집,chinese,french,상
307,Shealeigh,남,50대,미니멀리즘,spanish,arabic,중
308,Chastin,여,50대,블록체인,korean,english,중
309,Malayja,여,60대,메탈 음악 감상,korean,english,중
310,Emalea,여,50대,작문 클래스 참가,arabic,french,중
311,Zailynn,여,40대,BMX,korean,arabic,상
312,Tyaun,여,30대,베이킹,japanese,french,중
313,Nyel,남,40대,록 음악 감상,japanese,korean,상
314,Zaila,남,20대,농구,spanish,chinese,중
315,Jayon,여,40대,낚시,arabic,japanese,중
316,Eryka,남,50대,크로스핏,french,chinese,상
317,Navy,남,60대,마라톤,korean,chinese,상
318,Yasmen,남,20대,해킹,japanese,french,상
319,Jeyren,여,40대,보안 연구,spanish,english,상
320,Cruzito,여,50대,축구,spanish,english,하
321,Serenity,남,30대,영화 감상,japanese,french,중
322,Melane,남,60대,미니멀리즘,english,korean,상
323,Promise,남,60대,BMX,korean,japanese,하
324,Luna,여,40대,농구,french,chinese,상
325,Anelys,여,20대,바둑,french,english,중
326,Mamie,여,20대,스키,japanese,korean,중
327,Erandi,여,20대,패들보드,spanish,english,상
328,Lineth,여,40대,미술 클래스 참가,chinese,arabic,중
329,Delaili,남,40대,명상,spanish,french,상
330,Philipp,남,40대,우주 탐사,arabic,korean,상
331,Mahum,여,20대,다이빙,english,french,중
332,Syanne,남,0대,마술,french,spanish,상
333,Carma,남,60대,산악 자전거,spanish,french,상
334,Sawsan,남,60대,공부,spanish,french,중
335,Leonides,남,30대,지속 가능한 생활,chinese,arabic,중
336,Deanna,남,50대,해킹,korean,japanese,하
337,Cerys,여,0대,여행,japanese,arabic,상
338,Veyda,남,20대,재즈 음악 감상,english,japanese,하
339,Johnnie,남,30대,개인 금융 관리,japanese,french,상
340,Rishon,여,30대,언어 학습,arabic,chinese,상
341,Rabab,남,40대,블로깅,korean,arabic,상
342,Joakim,여,0대,아트 수집,english,spanish,하
343,Yaidel,여,60대,와인 시음,chinese,english,하
344,Milenna,남,50대,우주 탐사,spanish,english,상
345,Tevon,남,50대,와인 시음,korean,spanish,중
346,Phenix,남,50대,스노우보드,english,arabic,중
347,Endia,여,60대,쇼핑,korean,english,중
348,Hashem,남,30대,코딩,spanish,english,상
349,Maile,남,50대,낚시,korean,chinese,중
350,Eric,여,60대,뮤지컬 보기,korean,spanish,중
351,Juliet,여,30대,아트 수집,spanish,english,하
352,Milcah,남,30대,낚시,english,french,상
353,Jordin,남,50대,언어 교환,french,arabic,상
354,Arik,남,50대,건강 및 웰니스,french,spanish,중
355,Reyd,여,20대,암벽 등반,chinese,french,중
356,Adwoa,여,20대,스탬프 수집,english,spanish,하
357,Freddie,남,0대,코인 수집,chinese,french,중
358,Adisynne,남,30대,신재생 에너지,arabic,japanese,하
359,Koy,남,30대,문화 탐구,spanish,chinese,하
360,Caralee,여,30대,트라이애슬론,spanish,chinese,중
361,Saamir,여,50대,요가,spanish,english,중
362,Zadin,남,50대,스케이트보드,french,japanese,상
363,Heaven,여,40대,증강 현실,english,chinese,중
364,Deriana,남,20대,스키,chinese,arabic,중
365,Legacy,남,60대,개인 금융 관리,korean,english,상
366,Slade,남,50대,스노우보드,japanese,arabic,중
367,Lamia,여,20대,자원 봉사,chinese,french,상
368,Deegan,여,50대,미니멀리즘,english,chinese,중
369,Nyeem,남,60대,오토바이 타기,spanish,arabic,하
370,Esti,여,40대,전자 음악 감상,french,english,하
371,Jozlyn,남,30대,전자 음악 감상,english,french,중
372,Yumi,여,40대,등산,english,chinese,중
373,Rebel,여,30대,오토바이 타기,chinese,french,하
374,Treylen,여,30대,지속 가능한 생활,korean,chinese,상
375,Rontae,남,40대,공부,chinese,japanese,중
376,Aqib,남,0대,시 쓰기,english,french,하
377,Hamlet,남,60대,오토바이 타기,japanese,english,하
378,Jamyron,여,50대,축구 응원,english,korean,중
379,Xzayvier,여,20대,베이킹,arabic,chinese,하
380,Latonya,여,30대,스케이트보드,english,french,상
381,Dioseline,남,0대,비건 생활,spanish,arabic,중
382,Milana,남,30대,암벽 등반,korean,english,중
383,Emercyn,남,60대,드론 조종,french,spanish,중
384,Ashlen,여,0대,글쓰기,chinese,korean,상
385,Nyara,남,30대,영화 감상,japanese,french,하
386,Kemyia,남,50대,재즈 음악 감상,korean,spanish,하
387,Muaad,남,40대,암호화폐,spanish,japanese,중
388,Graceson,남,50대,문화 탐구,english,japanese,상
389,Erielle,여,20대,요가,chinese,japanese,하
390,Kamry,여,30대,스탬프 수집,spanish,english,상
391,Goddess,여,30대,로프 클라이밍,arabic,english,하
392,Minnie,남,30대,차 시음,english,spanish,하
393,Odai,여,60대,문화 탐구,chinese,japanese,중
394,Azalia,남,30대,별보기,arabic,japanese,상
395,Artur,여,30대,동물 보호 활동,french,spanish,중
396,Lizmarie,여,30대,메이커 운동,korean,french,상
397,Kaan,여,40대,다이빙,french,japanese,하
398,Quadir,여,40대,코딩,japanese,chinese,상
399,Leiliana,남,0대,로프 클라이밍,spanish,korean,하
400,Saaniyah,남,40대,스카이다이빙,french,korean,하
401,Daisee,남,50대,지속 가능한 생활,spanish,english,하
402,Umair,남,0대,카누,spanish,japanese,상
403,Demarie,여,50대,농구 응원,english,chinese,하
404,Devon,남,50대,등산,chinese,french,상
405,Sarah,여,30대,보안 연구,spanish,korean,중
406,Lynnsey,여,20대,패션 디자인,korean,french,상
407,Analyce,남,20대,지리학,english,chinese,중
408,Temperance,남,20대,오페라 감상,japanese,korean,하
409,Eleena,여,30대,코딩,chinese,arabic,하
410,Dakeria,남,30대,신재생 에너지,korean,english,중
411,Aleczander,남,60대,베이킹,french,korean,중
412,Alicya,여,30대,문화 탐구,arabic,english,하
413,Cire,남,20대,암호화폐,korean,english,상
414,Etan,남,20대,댄스 클래스 참가,french,korean,상
415,Mccormick,여,20대,드럼 치기,arabic,japanese,하
416,Mikaeel,남,20대,암벽 등반,korean,english,상
417,Daouda,남,0대,카약,arabic,korean,상
418,Devon,여,30대,3D 프린팅,chinese,arabic,중
419,Eilene,여,30대,시 쓰기,french,english,하
420,Levon,남,50대,정원 가꾸기,english,japanese,하
421,Riker,여,60대,새 관찰,chinese,french,중
422,Jadavion,남,30대,정원 가꾸기,japanese,chinese,중
423,Asli,남,20대,시 쓰기,korean,chinese,하
424,Kaye,남,0대,해킹,french,japanese,하
425,Juandaniel,여,20대,다이빙,english,chinese,상
426,Kasper,남,40대,빈티지 수집,japanese,korean,상
427,Janaria,남,60대,블로깅,spanish,english,상
428,Deziah,남,60대,암벽 등반,english,chinese,중
429,Emary,여,60대,패들보드,spanish,french,상
430,Emmalia,남,20대,전자 음악 감상,english,korean,하
431,Dylanjacob,남,0대,도서 읽기,spanish,french,하
432,Taraya,남,60대,스탬프 수집,english,chinese,중
433,Kayman,여,20대,드론 조종,korean,french,하
434,Annie,여,30대,힙합 음악 감상,french,korean,상
435,Larayah,남,40대,블로깅,french,japanese,상
436,Nabella,남,20대,크로스핏,arabic,english,하
437,Breckyn,여,60대,록 음악 감상,arabic,japanese,중
438,Dayvian,남,40대,베이킹,chinese,arabic,상
439,Ismar,여,30대,농구,chinese,korean,중
440,Derricka,여,30대,요리 클래스 참가,chinese,korean,하
441,Mariano,남,60대,R&B 음악 감상,english,french,하
442,Tanyla,남,50대,스노우보드,french,english,중
443,Aileah,여,40대,맥주 제조,spanish,arabic,중
444,Maricruz,남,30대,요리 클래스 참가,french,english,하
445,Shylynn,남,50대,수영,japanese,english,중
446,Dorie,여,0대,드럼 치기,korean,japanese,상
447,Parris,남,60대,암호화폐,chinese,japanese,하
448,Kaleeah,여,40대,투자 및 주식,japanese,french,하
449,Rosely,남,20대,화초 돌보기,chinese,korean,상
450,Abid,여,60대,보드게임,spanish,japanese,중
451,Kaesyn,여,20대,문화 탐구,spanish,french,중
452,Keyarra,남,50대,산악 자전거,english,spanish,중
453,Iya,남,60대,요가,english,chinese,하
454,Lindsey,여,40대,비건 생활,korean,arabic,하
455,Jaivyn,남,30대,해킹,arabic,english,상
456,Rosmery,여,20대,게임,english,spanish,중
457,Adrik,남,50대,등산,english,french,중
458,Ahzaria,여,30대,시 쓰기,korean,french,중
459,Nusaybah,남,50대,마라톤,chinese,french,하
460,Akeema,여,40대,농구 응원,arabic,korean,상
461,Jamahl,여,20대,자원 봉사,spanish,japanese,중
462,Roanin,남,40대,스케이트보드,french,japanese,상
463,Jahniel,남,60대,패션 디자인,arabic,chinese,중
464,Anjelika,여,40대,체스,korean,japanese,중
465,Faya,여,30대,암호화폐,english,korean,하
466,Ethanjohn,여,20대,체스,korean,chinese,상
467,Baldo,남,50대,코인 수집,japanese,arabic,중
468,Yaritzy,남,40대,스탬프 수집,english,french,하
469,Saide,남,40대,기타 연주,chinese,french,하
470,Makana,남,40대,전자 음악 감상,chinese,spanish,상
471,Avilyn,여,30대,클래식 음악 감상,japanese,english,중
472,Safia,여,40대,투자 및 주식,japanese,french,하
473,Dregan,남,30대,보드게임,english,spanish,상
474,Satine,남,60대,가상 현실,english,arabic,하
475,Raizy,여,30대,비건 생활,arabic,japanese,상
476,Amarria,여,60대,명상,french,korean,하
477,Coriana,남,50대,커피 추출,japanese,french,상
478,Dmiyah,남,60대,미니멀리즘,chinese,arabic,하
479,Ayannah,남,30대,커피 추출,arabic,chinese,하
480,Nikolai,여,50대,전자 음악 감상,english,spanish,중
481,Rusty,여,30대,요가,japanese,english,하
482,Sender,여,20대,블로깅,korean,arabic,중
483,Kipp,여,60대,마술,korean,japanese,상
484,Noah,남,50대,빈티지 수집,korean,spanish,상
485,Gali,남,20대,재즈 음악 감상,korean,english,하
486,Danni,남,20대,작문 클래스 참가,japanese,spanish,하
487,Rawson,남,40대,아트 수집,spanish,korean,중
488,Zakeria,여,0대,보드게임,french,spanish,하
489,Karmin,여,20대,로프 클라이밍,chinese,arabic,중
490,Anzley,여,50대,새 관찰,korean,french,하
491,Tionna,남,20대,오페라 감상,spanish,french,상
492,Pessy,여,20대,차 시음,spanish,japanese,중
493,Sachika,여,0대,피아노 연주,arabic,french,상
494,Kiri,남,20대,차 시음,english,french,상
495,Jacqualine,남,0대,영화 감상,chinese,arabic,하
496,Alyzza,남,40대,배드민턴,english,chinese,중
497,Magnum,여,60대,빈티지 수집,chinese,french,하
498,Winfield,남,20대,게임,japanese,arabic,중
499,Abbegail,남,30대,스탬프 수집,english,japanese,하
500,Janissa,여,30대,글쓰기,korean,chinese,상
501,Davion,여,60대,천문학,english,japanese,상
502,Nickali,남,0대,제로 웨이스트 라이프스타일,chinese,japanese,중
503,Laney,남,40대,명상,spanish,english,상
504,Zhaiden,여,20대,커뮤니티 서비스,arabic,french,하
505,Briahna,남,20대,자격증 따기,korean,chinese,상
506,Victorious,여,40대,스카이다이빙,english,korean,상
507,Licia,여,50대,3D 프린팅,arabic,japanese,하
508,Zaley,남,20대,와인 시음,spanish,korean,상
509,Nare,여,40대,미술 클래스 참가,spanish,korean,상
510,Mohnish,여,50대,언어 교환,korean,chinese,중
511,Gagan,여,20대,등산,arabic,french,하
512,Rhegan,남,60대,빈티지 수집,arabic,french,중
513,Keymon,남,30대,아트 수집,spanish,korean,하
514,Myshaun,남,0대,3D 프린팅,french,arabic,하
515,Naama,남,50대,베이킹,french,english,하
516,Kasper,남,50대,요리,english,spanish,중
517,Andrez,남,30대,동물 보호 활동,korean,arabic,상
518,Jeeya,남,60대,문화 탐구,arabic,english,중
519,Yuuki,여,50대,3D 프린팅,english,chinese,중
520,Nevina,여,20대,게임,french,korean,중
521,Sinay,여,30대,사진 찍기,japanese,spanish,하
522,Arabella,여,30대,시 쓰기,chinese,arabic,상
523,Mailah,여,50대,비건 생활,chinese,korean,상
524,Tadd,여,0대,크로스핏,spanish,french,상
525,Solomia,남,30대,제로 웨이스트 라이프스타일,english,arabic,중
526,Shresta,여,40대,BMX,korean,chinese,중
527,Mayrim,여,50대,언어 교환,chinese,french,상
528,Kristalynn,여,50대,마라톤,chinese,french,하
529,Macyn,남,60대,R&B 음악 감상,chinese,english,중
530,Yejin,남,50대,힙합 음악 감상,spanish,french,중
531,Jewelia,남,40대,와인 시음,japanese,chinese,하
532,Lilyona,남,50대,블로깅,spanish,arabic,상
533,Markia,여,0대,댄스 클래스 참가,japanese,spanish,하
534,Rozelyn,여,60대,작문 클래스 참가,spanish,chinese,상
535,Zyanya,여,60대,암호화폐,arabic,french,중
536,Keegen,여,20대,암벽 등반,english,chinese,상
537,Maryury,남,20대,화초 돌보기,arabic,korean,중
538,Syrenity,여,50대,낚시,arabic,chinese,하
539,Majeed,남,40대,체스,arabic,korean,중
540,Khalilah,여,50대,메이커 운동,french,korean,중
541,Marnae,여,0대,크로스핏,french,arabic,중
542,Tabbitha,남,40대,스탬프 수집,korean,english,상
543,Briant,남,60대,인테리어 디자인,japanese,spanish,중
544,Bennett,남,30대,뮤지컬 보기,korean,arabic,하
545,Suhaan,남,30대,등산,arabic,english,하
546,Dublin,남,30대,퍼즐 풀기,chinese,korean,중
547,Charice,여,30대,필라테스,arabic,korean,중
548,Kayin,여,0대,드럼 치기,french,japanese,중
549,Joellen,남,40대,축구,japanese,arabic,중
550,Malea,여,40대,지속 가능한 생활,korean,spanish,상
551,Bohdan,여,50대,드론 조종,chinese,korean,하
552,Gizell,여,40대,지리학,japanese,korean,상
553,Zaelen,남,0대,차 시음,english,arabic,상
554,Uthman,남,20대,축구 응원,french,chinese,중
555,Nephi,여,0대,힙합 음악 감상,english,korean,하
556,Navayah,남,60대,시 쓰기,korean,chinese,중
557,Soham,여,50대,클래식 음악 감상,french,english,중
558,Aiyah,남,30대,번지점프,japanese,chinese,상
559,Jeriyah,남,40대,트라이애슬론,spanish,chinese,상
560,Nyheem,여,30대,신재생 에너지,chinese,korean,중
561,Cayetano,여,50대,로프 클라이밍,spanish,french,상
562,Foxx,남,30대,환경 보호 활동,spanish,arabic,상
563,Lillyana,남,30대,만화 보기,spanish,english,상
564,Ethanpaul,여,40대,블로깅,arabic,spanish,중
565,Jordynne,남,40대,미니멀리즘,chinese,korean,하
566,Vlada,여,30대,도서 읽기,spanish,english,하
567,Shylia,남,20대,패들보드,english,arabic,상
568,Elaynah,남,0대,블로깅,french,korean,중
569,Glory,여,20대,스노우보드,korean,spanish,중
570,Tamya,여,40대,팝 음악 감상,english,japanese,중
571,Seann,남,60대,별보기,arabic,english,상
572,Runa,여,60대,빈티지 수집,english,french,하
573,Gracilyn,여,20대,낚시,arabic,french,상
574,Gypsy,여,60대,차 시음,chinese,spanish,상
575,Castor,남,50대,록 음악 감상,arabic,korean,중
576,Sayri,여,30대,블록체인,japanese,chinese,하
577,Delara,남,60대,역사 탐구,spanish,japanese,상
578,Ferris,여,50대,필라테스,arabic,english,중
579,Nazly,여,20대,보안 연구,arabic,french,상
580,Shyasia,남,0대,요리,spanish,chinese,중
581,Leora,여,20대,체스,spanish,french,하
582,Keymiah,남,20대,스노우보드,english,korean,중
583,Humna,남,50대,빈티지 수집,english,chinese,중
584,Ajitesh,남,20대,오페라 감상,arabic,korean,하
585,Sebastin,남,30대,환경 보호 활동,japanese,english,중
586,Shahzaib,남,30대,건강 및 웰니스,korean,english,상
587,Breilyn,남,60대,신재생 에너지,chinese,french,상
588,Brooklyn,남,20대,글쓰기,arabic,french,상
589,Leovardo,남,0대,힙합 음악 감상,french,arabic,상
590,Ysenia,여,60대,3D 프린팅,spanish,chinese,하
591,Jakota,남,40대,동물 보호 활동,arabic,korean,하
592,Aayan,여,20대,힙합 음악 감상,french,english,상
593,Ayesha,남,40대,메탈 음악 감상,korean,japanese,중
594,Kyley,남,60대,글쓰기,english,japanese,하
595,Massimiliano,남,0대,사진 찍기,english,korean,중
596,Daouda,여,50대,동물 보호 활동,french,arabic,하
597,Ally,남,30대,모터스포츠,french,chinese,중
598,Hodaya,남,50대,빈티지 수집,english,chinese,중
599,Eliany,여,60대,맥주 제조,korean,spanish,하
600,Lio,여,50대,정원 가꾸기,french,english,상
601,Jenessis,남,0대,개인 금융 관리,spanish,korean,상
602,Mariya,여,20대,차 시음,english,japanese,상
603,Maisen,여,30대,미술 클래스 참가,chinese,english,중
604,Kamyria,남,50대,메이커 운동,english,korean,상
605,Terrah,남,30대,그림 그리기,korean,french,중
606,Armari,여,30대,신재생 에너지,japanese,french,중
607,Samaad,여,40대,로봇 제작,english,spanish,중
608,Felecia,남,50대,아트 수집,spanish,chinese,중
609,Isak,여,50대,보안 연구,chinese,japanese,하
610,Arica,남,0대,마라톤,english,arabic,하
611,Maurisio,여,30대,공부,arabic,chinese,하
612,Balin,남,30대,카누,spanish,chinese,하
613,Mahaley,여,20대,건강 및 웰니스,arabic,korean,상
614,Elliona,남,20대,스키,chinese,english,하
615,Chaysen,여,60대,요리 클래스 참가,chinese,arabic,중
616,Sequan,여,20대,여행,french,english,하
617,Abdirahman,남,30대,크로스핏,french,spanish,하
618,Tarin,남,0대,환경 보호 활동,arabic,english,하
619,Dionte,남,20대,록 음악 감상,korean,chinese,하
620,Chapel,남,30대,퍼즐 풀기,spanish,korean,하
621,Griselda,남,60대,차 시음,spanish,french,상
622,Tomoya,남,0대,스키,chinese,japanese,중
623,Adyson,여,60대,천문학,english,arabic,중
624,Kyoko,남,40대,우주 탐사,arabic,japanese,하
625,Kavan,여,30대,신재생 에너지,english,spanish,상
626,Reegan,남,30대,오토바이 타기,japanese,arabic,중
627,Dhruti,여,50대,번지점프,french,chinese,상
628,Nayla,여,40대,모터스포츠,french,english,중
629,Linet,여,30대,R&B 음악 감상,english,french,상
630,Verena,남,40대,블로깅,english,french,중
631,Kamyrah,여,30대,카누,chinese,korean,하
632,Shayann,남,60대,블록체인,korean,chinese,하
633,Halee,여,40대,스카이다이빙,arabic,english,하
634,Sergey,여,0대,인테리어 디자인,french,korean,하
635,Azeem,남,20대,글쓰기,spanish,arabic,하
636,Christiano,여,30대,해킹,arabic,chinese,상
637,Jazman,여,0대,스케이트보드,french,japanese,하
638,Rily,여,50대,자격증 따기,chinese,arabic,하
639,Child,여,40대,기타 연주,chinese,korean,상
640,Quentyn,남,20대,영화 감상,english,korean,하
641,Sanai,여,40대,천문학,japanese,korean,중
642,Alyanna,남,0대,미술 클래스 참가,korean,arabic,중
643,Roko,남,40대,요리 클래스 참가,english,korean,중
644,Abhinav,여,20대,역사 탐구,french,english,상
645,Jaliya,여,0대,사진 찍기,french,chinese,중
646,Lea,남,20대,증강 현실,korean,chinese,중
647,Ayslin,여,50대,필라테스,english,japanese,중
648,Yassir,남,50대,자원 봉사,chinese,arabic,하
649,Chamar,여,0대,신재생 에너지,spanish,chinese,상
650,Jayline,여,30대,연극 보기,japanese,chinese,상
651,Maegan,남,0대,만화 보기,arabic,korean,상
652,Kasydi,남,50대,등산,korean,chinese,중
653,Huckleberry,남,60대,패들보드,spanish,english,상
654,Torie,남,0대,블로깅,french,japanese,중
655,Jaia,여,40대,클래식 음악 감상,chinese,spanish,상
656,Madelyne,남,20대,필라테스,japanese,french,하
657,Makaylee,여,40대,로프 클라이밍,english,spanish,상
658,Makaden,여,40대,캠핑,chinese,arabic,중
659,Jalani,남,60대,DIY 프로젝트,spanish,japanese,상
660,Anastasios,남,20대,별보기,korean,spanish,중
661,Nyimah,여,20대,요가,english,korean,상
662,Avin,남,20대,힙합 음악 감상,arabic,english,중
663,Madoc,남,0대,베이킹,korean,spanish,상
664,Floyd,여,40대,로봇 제작,japanese,korean,상
665,Chesnee,여,50대,R&B 음악 감상,korean,arabic,중
666,Avyay,여,60대,시 쓰기,french,japanese,중
667,Kethan,남,20대,쇼핑,japanese,korean,중
668,Mariella,여,40대,동물 돌보기,spanish,korean,상
669,Nesta,남,50대,정원 가꾸기,english,arabic,하
670,Selen,여,0대,베이킹,french,arabic,상
671,Yanet,남,60대,언어 교환,french,arabic,상
672,Mico,여,40대,자원 봉사,japanese,spanish,상
673,Meesha,여,0대,정원 가꾸기,chinese,korean,하
674,Kamberlyn,여,30대,스노우보드,chinese,japanese,상
675,Dayana,여,50대,퍼즐 풀기,spanish,english,중
676,Yariely,남,0대,빈티지 수집,english,chinese,상
677,Niyonna,여,0대,낚시,arabic,chinese,중
678,Avante,남,0대,공부,korean,spanish,상
679,Yasiel,남,50대,오토바이 타기,chinese,korean,하
680,Niklaus,여,0대,쇼핑,japanese,english,상
681,Layani,남,50대,빈티지 수집,japanese,korean,중
682,Lida,남,0대,차 시음,japanese,korean,중
683,Nikali,남,40대,클래식 음악 감상,spanish,chinese,하
684,Kala,여,20대,재즈 음악 감상,arabic,french,상
685,Owain,남,60대,드론 조종,korean,french,중
686,Rileyanne,남,0대,오토바이 타기,japanese,spanish,중
687,Aarika,여,40대,농구 응원,japanese,chinese,하
688,Charlye,남,30대,필라테스,korean,english,상
689,Semiyah,남,50대,지리학,chinese,english,상
690,Adellyn,남,0대,지리학,english,japanese,중
691,Reyden,남,60대,화초 돌보기,korean,english,상
692,Laika,남,60대,지속 가능한 생활,japanese,spanish,상
693,Abbagayle,남,50대,도서 읽기,english,japanese,상
694,Kendry,남,60대,문화 탐구,english,french,하
695,Elainea,여,60대,패러글라이딩,japanese,korean,하
696,Bassam,여,60대,체스,arabic,spanish,하
697,Dylian,여,20대,오페라 감상,french,chinese,하
698,Anastasiya,남,20대,오토바이 타기,chinese,arabic,상
699,Libi,여,60대,자격증 따기,arabic,chinese,하
700,Cardae,남,20대,패션 디자인,spanish,arabic,하
701,Xachary,여,0대,마술,korean,arabic,하
702,Yadiel,남,0대,스탬프 수집,french,korean,중
703,Iago,남,50대,서핑,korean,chinese,상
704,Estee,여,20대,수영,spanish,chinese,중
705,Anicia,남,20대,투자 및 주식,spanish,french,중
706,Charley,남,60대,재즈 음악 감상,chinese,japanese,하
707,Mahlaya,남,20대,필라테스,french,japanese,중
708,Carolina,여,40대,제로 웨이스트 라이프스타일,french,spanish,상
709,Yahweh,여,0대,증강 현실,arabic,chinese,상
710,Malee,여,0대,스카이다이빙,spanish,french,하
711,Emmalee,남,0대,도서 읽기,arabic,korean,하
712,Bright,여,60대,팝 음악 감상,arabic,english,중
713,Mekael,여,50대,댄스 클래스 참가,korean,arabic,하
714,Jediel,남,40대,록 음악 감상,arabic,spanish,상
715,Myracle,여,20대,환경 보호 활동,spanish,korean,중
716,Morea,남,30대,패션 디자인,chinese,spanish,상
717,Evony,남,30대,역사 탐구,english,arabic,하
718,Lyrik,남,50대,배드민턴,arabic,japanese,하
719,Rebeckah,남,30대,카약,arabic,korean,하
720,Chrislynn,남,60대,쇼핑,arabic,korean,하
721,Cherise,남,40대,미니멀리즘,japanese,chinese,상
722,Silus,남,0대,동물 돌보기,french,korean,상
723,Daylyn,여,20대,와인 시음,english,korean,하
724,Miana,여,50대,BMX,arabic,japanese,하
725,Iyan,남,50대,여행,arabic,japanese,상
726,Jaxston,남,40대,사진 찍기,chinese,arabic,중
727,Maela,여,60대,요리,korean,arabic,하
728,Chaden,남,60대,피아노 연주,english,japanese,상
729,Laylana,남,30대,커뮤니티 서비스,spanish,english,상
730,Alexsia,남,50대,공부,japanese,english,상
731,Margalit,남,60대,증강 현실,korean,spanish,상
732,Khalee,남,60대,오페라 감상,japanese,korean,상
733,Nemiah,여,50대,게임,arabic,french,중
734,Alfred,여,50대,댄스 클래스 참가,french,japanese,중
735,Ayleah,남,50대,BMX,arabic,korean,상
736,Kenden,여,40대,제로 웨이스트 라이프스타일,korean,arabic,상
737,Muhsin,남,30대,번지점프,korean,japanese,하
738,Delainey,여,60대,메이커 운동,japanese,arabic,하
739,Zakeya,여,40대,블로깅,english,korean,하
740,Isabellarose,여,0대,축구,spanish,japanese,중
741,Josgar,여,20대,마술,arabic,japanese,중
742,Zayah,여,30대,동물 돌보기,french,japanese,하
743,Brynnleigh,남,60대,패들보드,spanish,english,상
744,Inaaya,여,50대,스쿠버 다이빙,korean,spanish,중
745,Tavin,여,40대,우주 탐사,arabic,english,하
746,Naji,여,20대,서핑,spanish,english,상
747,Arelis,여,40대,스쿠버 다이빙,japanese,arabic,중
748,Jagur,남,50대,코인 수집,arabic,english,상
749,Anhthu,남,40대,체스,japanese,arabic,중
750,Danielly,남,60대,산악 자전거,japanese,chinese,하
751,Hermione,여,60대,비건 생활,arabic,chinese,하
752,Deeksha,여,20대,맥주 제조,chinese,spanish,상
753,Emmersyn,남,40대,마라톤,chinese,korean,하
754,Emilly,남,40대,록 음악 감상,arabic,korean,하
755,Rayane,남,50대,지속 가능한 생활,japanese,french,상
756,Javez,남,50대,게임,spanish,japanese,상
757,Cariana,남,60대,팝 음악 감상,spanish,chinese,하
758,Bentlei,여,20대,천문학,korean,english,중
759,Zyshawn,여,0대,댄스 클래스 참가,korean,chinese,중
760,Taiya,여,0대,가상 현실,english,korean,하
761,Reagin,여,40대,메이커 운동,chinese,french,하
762,Tenli,남,20대,천문학,english,spanish,상
763,Delila,남,40대,전자 음악 감상,english,korean,중
764,Jaloni,여,20대,마술,japanese,french,중
765,Ciella,남,50대,드럼 치기,arabic,chinese,하
766,Jayne,남,40대,개인 금융 관리,korean,arabic,하
767,Emiah,남,20대,커피 추출,arabic,english,중
768,Jontay,여,50대,작문 클래스 참가,french,spanish,중
769,Daleyah,남,60대,피아노 연주,english,french,상
770,Tillman,여,40대,힙합 음악 감상,korean,french,중
771,Syed,남,20대,암호화폐,arabic,french,상
772,Sumner,남,20대,빈티지 수집,japanese,english,하
773,Zayaan,남,50대,보드게임,korean,chinese,중
774,Dru,여,50대,체스,korean,french,중
775,Mariadejesus,남,60대,블로깅,korean,chinese,상
776,Jaeyla,남,60대,등산,chinese,japanese,중
777,Jacobey,남,50대,제로 웨이스트 라이프스타일,korean,french,중
778,Kerlin,여,20대,언어 교환,french,chinese,상
779,Emannuel,남,50대,팝 음악 감상,english,spanish,하
780,Mythias,남,50대,드럼 치기,japanese,arabic,중
781,Yaiza,여,20대,베이킹,japanese,french,상
782,Tag,남,60대,힙합 음악 감상,spanish,arabic,하
783,Julissa,여,50대,와인 시음,spanish,chinese,하
784,Bram,여,50대,3D 프린팅,korean,japanese,중
785,Adaneli,남,60대,쇼핑,chinese,japanese,하
786,Alexi,여,40대,트라이애슬론,arabic,spanish,하
787,Daylia,여,60대,오페라 감상,spanish,japanese,하
788,Madelyne,여,0대,베이킹,arabic,french,상
789,Gregory,여,60대,언어 학습,chinese,japanese,중
790,Zyniyah,여,30대,미술 클래스 참가,arabic,english,하
791,Quindarius,여,20대,캠핑,english,japanese,중
792,Deegan,남,40대,문화 탐구,spanish,japanese,하
793,Tallan,여,20대,요리 클래스 참가,chinese,spanish,상
794,Shandon,남,40대,새 관찰,chinese,japanese,중
795,Julian,남,60대,가상 현실,chinese,french,상
796,Jenan,여,40대,그림 그리기,french,chinese,하
797,Izabellah,남,20대,오토바이 타기,chinese,english,하
798,Javiyon,남,30대,모터스포츠,arabic,japanese,하
799,Arna,여,30대,R&B 음악 감상,japanese,french,상
800,Jayel,여,0대,블록체인,korean,french,상
801,Davy,여,40대,스노우보드,spanish,korean,하
802,Mehul,남,60대,비건 생활,english,japanese,하
803,Kalle,여,40대,바둑,french,arabic,하
804,Xiomari,남,20대,요가,japanese,chinese,상
805,Krithika,남,30대,커뮤니티 서비스,japanese,english,하
806,Daksh,여,50대,요가,arabic,english,상
807,Derrik,남,0대,로프 클라이밍,spanish,japanese,하
808,Niccole,여,20대,동물 돌보기,arabic,english,하
809,Jefte,남,60대,요가,english,spanish,상
810,Kharli,여,30대,카약,korean,arabic,하
811,Chantell,남,30대,우주 탐사,french,japanese,중
812,Xandria,남,40대,커뮤니티 서비스,spanish,chinese,상
813,Riata,여,40대,베이킹,french,english,상
814,Hade,남,50대,도서 읽기,french,spanish,상
815,Trevell,남,60대,맥주 제조,chinese,korean,하
816,Lian,여,30대,퍼즐 풀기,spanish,french,하
817,Davia,남,40대,카누,arabic,japanese,상
818,Marielle,남,60대,오토바이 타기,chinese,japanese,중
819,Emalea,여,30대,스탬프 수집,arabic,japanese,중
820,Micayla,여,40대,트라이애슬론,arabic,spanish,중
821,Oaklie,남,0대,작문 클래스 참가,arabic,french,중
822,Lunabelle,남,0대,동물 보호 활동,french,korean,중
823,Mubarak,여,0대,도서 읽기,french,korean,상
824,Shynia,남,30대,새 관찰,japanese,arabic,상
825,Leilany,남,60대,만화 보기,japanese,spanish,중
826,Shavy,여,50대,노래하기,english,japanese,상
827,Dshawn,남,30대,문화 탐구,spanish,arabic,하
828,Desirey,남,50대,요리 클래스 참가,korean,arabic,중
829,Lekai,여,30대,암벽 등반,chinese,japanese,상
830,Ezinne,여,50대,스쿠버 다이빙,english,spanish,하
831,Jahson,여,50대,투자 및 주식,arabic,spanish,상
832,Logen,남,20대,모터스포츠,arabic,french,중
833,Giani,여,20대,메탈 음악 감상,french,chinese,상
834,Rezon,남,50대,가상 현실,french,chinese,중
835,Yanis,남,0대,마라톤,korean,english,상
836,Ranea,여,60대,마술,french,spanish,상
837,Jettie,여,60대,인테리어 디자인,english,chinese,하
838,Zameir,여,60대,와인 시음,spanish,french,상
839,Martel,여,40대,메이커 운동,korean,chinese,중
840,Nysir,여,30대,다이빙,spanish,chinese,하
841,Leiliana,여,30대,노래하기,french,arabic,중
842,Soledad,남,30대,작문 클래스 참가,english,french,중
843,Addylyn,남,0대,자격증 따기,japanese,arabic,상
844,Elizabet,남,30대,지리학,spanish,chinese,중
845,Brenner,여,0대,도서 읽기,spanish,chinese,상
846,Ab,여,20대,요가,japanese,korean,상
847,Mattia,남,20대,화초 돌보기,english,spanish,하
848,Saliou,여,60대,산악 자전거,japanese,french,중
849,Kemyah,남,20대,자원 봉사,chinese,french,상
850,Cherish,남,0대,낚시,french,chinese,상
851,Rosabelle,여,40대,블록체인,chinese,spanish,하
852,Orlin,여,30대,천문학,korean,french,하
853,Ashdon,남,30대,인테리어 디자인,french,spanish,상
854,Khylei,남,30대,코인 수집,spanish,english,하
855,Taraja,남,40대,드럼 치기,arabic,japanese,중
856,Bess,남,30대,제로 웨이스트 라이프스타일,chinese,arabic,하
857,Breckon,여,40대,뮤지컬 보기,french,japanese,상
858,Pierce,여,40대,다이빙,arabic,japanese,상
859,Hadli,여,30대,암벽 등반,arabic,japanese,상
860,Lyn,여,20대,등산,spanish,french,하
861,Velma,여,60대,게임,korean,spanish,하
862,Pantera,남,0대,스탬프 수집,japanese,korean,중
863,Cortland,여,30대,R&B 음악 감상,french,chinese,상
864,Anjelah,여,40대,요리 클래스 참가,chinese,arabic,하
865,Jessejames,남,0대,별보기,chinese,english,상
866,Zamiyah,남,40대,역사 탐구,french,english,하
867,Summit,여,50대,수영,japanese,english,상
868,Rayna,남,20대,차 시음,spanish,korean,하
869,Wynn,여,50대,지리학,english,french,중
870,Tenoch,남,40대,지리학,chinese,arabic,상
871,Irys,여,0대,퍼즐 풀기,chinese,arabic,중
872,Lyza,여,60대,개인 금융 관리,korean,japanese,하
873,Donathan,여,40대,정원 가꾸기,korean,chinese,상
874,Sir,여,30대,공부,korean,japanese,상
875,Toree,여,20대,와인 시음,chinese,japanese,하
876,Caige,남,60대,천문학,korean,english,중
877,Tyberius,남,40대,동물 돌보기,chinese,french,상
878,Jaivon,여,0대,스카이다이빙,english,chinese,중
879,Jyra,여,30대,언어 교환,arabic,korean,상
880,Rmani,남,60대,록 음악 감상,chinese,english,상
881,Lexee,남,20대,R&B 음악 감상,arabic,chinese,중
882,Joley,여,30대,요리 클래스 참가,chinese,korean,하
883,Jaquavis,남,30대,지속 가능한 생활,arabic,french,하
884,Makani,여,30대,댄스 클래스 참가,japanese,english,상
885,Xochil,여,30대,댄스 클래스 참가,korean,spanish,중
886,Kerim,여,20대,바둑,english,japanese,하
887,Jeret,여,20대,해킹,arabic,english,중
888,Cera,남,0대,암벽 등반,arabic,english,상
889,Jlah,남,30대,힙합 음악 감상,korean,spanish,하
890,Zackeri,남,40대,암벽 등반,english,spanish,상
891,Huber,남,30대,제로 웨이스트 라이프스타일,french,arabic,중
892,Arian,여,60대,커피 추출,arabic,spanish,하
893,Marquez,남,40대,요리 클래스 참가,english,arabic,중
894,Ronin,남,40대,자격증 따기,spanish,chinese,상
895,Delvin,여,60대,비건 생활,french,japanese,하
896,Steffi,남,60대,미니멀리즘,chinese,korean,상
897,Camyah,남,60대,여행,french,arabic,상
898,Jovaughn,여,40대,도서 읽기,arabic,chinese,상
899,Keston,남,20대,커뮤니티 서비스,english,french,중
900,Leonte,여,50대,동물 보호 활동,arabic,english,중
901,Sharae,남,50대,스키,arabic,korean,상
902,Hope,여,50대,오페라 감상,spanish,japanese,하
903,Kharli,여,60대,오토바이 타기,spanish,japanese,중
904,Kenshin,여,60대,건강 및 웰니스,french,english,중
905,Tiari,남,20대,캠핑,korean,english,중
906,Maika,여,0대,스케이트보드,arabic,korean,중
907,Sahid,남,0대,언어 교환,french,spanish,중
908,Haylan,남,50대,영화 감상,japanese,arabic,하
909,Adara,여,40대,낚시,japanese,spanish,상
910,Mattie,여,20대,스키,japanese,korean,하
911,Adiya,남,20대,축구,japanese,french,상
912,Janiyah,남,50대,오토바이 타기,korean,japanese,중
913,Yaila,여,20대,캠핑,spanish,arabic,하
914,Karma,남,20대,여행,korean,chinese,중
915,Celine,여,0대,로봇 제작,french,english,상
916,Tilia,여,20대,인테리어 디자인,spanish,arabic,하
917,Vondell,여,0대,코인 수집,spanish,korean,중
918,Manya,남,20대,베이킹,chinese,spanish,하
919,Elisse,여,50대,패션 디자인,french,spanish,하
920,Marvelous,여,20대,축구,chinese,korean,상
921,Janely,여,0대,커뮤니티 서비스,chinese,spanish,상
922,Stellah,남,20대,신재생 에너지,spanish,japanese,중
923,Jayd,남,50대,메이커 운동,spanish,english,하
924,Emmalyn,여,40대,드론 조종,french,spanish,중
925,Nataliah,남,40대,가상 현실,japanese,chinese,하
926,Raileen,여,30대,BMX,japanese,french,중
927,Mirabella,남,60대,필라테스,english,japanese,하
928,Muzammil,남,50대,역사 탐구,english,chinese,상
929,Aiana,여,50대,연극 보기,chinese,korean,중
930,Nand,남,40대,커뮤니티 서비스,english,french,중
931,Andraya,여,30대,글쓰기,french,japanese,상
932,Korie,여,40대,코인 수집,arabic,chinese,상
933,Bently,남,50대,스케이트보드,french,arabic,하
934,Nyles,여,40대,낚시,spanish,japanese,중
935,Skyrah,여,0대,마라톤,chinese,english,중
936,Eris,남,30대,그림 그리기,japanese,english,상
937,Caira,남,0대,시 쓰기,french,japanese,하
938,Havyn,남,50대,동물 돌보기,korean,arabic,하
939,Arlette,여,20대,기타 연주,spanish,japanese,상
940,Addaline,남,60대,차 시음,korean,arabic,상
941,Kalasia,남,30대,미니멀리즘,spanish,arabic,중
942,Ganesh,여,0대,맥주 제조,korean,arabic,상
943,Jaiel,남,30대,모터스포츠,french,english,상
944,Antara,남,60대,드론 조종,french,chinese,하
945,Kodah,여,30대,보드게임,arabic,spanish,하
946,Karstin,남,40대,등산,english,spanish,상
947,Sarai,여,40대,보안 연구,japanese,spanish,하
948,Neeva,여,30대,바둑,chinese,spanish,하
949,Jerelyn,여,60대,축구 응원,arabic,english,하
950,Zephyr,남,40대,와인 시음,arabic,korean,중
951,Adhira,여,60대,아트 수집,japanese,french,하
952,Chaniya,남,0대,영화 감상,arabic,english,하
953,Cedrick,여,0대,미술 클래스 참가,japanese,french,상
954,Chael,여,40대,마라톤,spanish,japanese,하
955,Nathanuel,여,20대,메탈 음악 감상,spanish,japanese,상
956,Antonina,남,50대,스쿠버 다이빙,spanish,chinese,중
957,Jasline,여,20대,축구 응원,korean,arabic,하
958,Jeylin,남,30대,산악 자전거,english,chinese,상
959,Jocellyn,여,30대,패션 디자인,chinese,arabic,상
960,Adryan,여,30대,전자 음악 감상,japanese,spanish,중
961,Jaymie,남,40대,화초 돌보기,spanish,japanese,하
962,Emree,남,20대,힙합 음악 감상,french,arabic,하
963,Adyn,남,50대,배드민턴,chinese,arabic,중
964,Krymson,여,40대,게임,arabic,korean,상
965,Aileena,남,60대,번지점프,japanese,arabic,하
966,Iola,여,40대,스키,japanese,spanish,중
967,Draike,남,20대,블록체인,english,japanese,하
968,Javaris,남,40대,만화 보기,japanese,arabic,중
969,Gaurav,남,30대,그림 그리기,english,arabic,하
970,Shailyn,남,20대,사진 찍기,spanish,english,상
971,Chloe,여,40대,패러글라이딩,spanish,chinese,중
972,Zacori,여,20대,자격증 따기,japanese,english,상
973,Raylen,남,50대,스노우보드,english,french,중
974,Shameek,남,40대,스카이다이빙,spanish,french,중
975,Joelie,여,40대,자원 봉사,chinese,english,상
976,Zarie,남,50대,미니멀리즘,chinese,korean,하
977,Jala,여,20대,스노우보드,arabic,japanese,하
978,Taraja,여,30대,스키,english,chinese,중
979,Avrahom,여,50대,오토바이 타기,korean,arabic,하
980,Pailey,여,0대,블록체인,chinese,japanese,하
981,Ashritha,남,0대,미술 클래스 참가,korean,french,중
982,Lionell,남,40대,서핑,french,spanish,중
983,Camreon,여,30대,글쓰기,spanish,english,상
984,Kaiyah,남,20대,지속 가능한 생활,french,korean,하
985,Aryahna,여,60대,글쓰기,spanish,english,하
986,Anaysia,여,50대,투자 및 주식,chinese,english,하
987,Ayce,남,60대,신재생 에너지,french,spanish,하
988,Kmari,여,30대,미술 클래스 참가,arabic,french,중
989,Anaum,남,30대,우주 탐사,english,spanish,하
990,Mikaila,여,60대,로봇 제작,chinese,english,하
991,Danyel,여,60대,댄스 클래스 참가,japanese,spanish,중
992,Caedmon,여,50대,산악 자전거,japanese,arabic,상
993,Javaya,남,20대,필라테스,japanese,spanish,상
994,Aluna,여,40대,수영,french,korean,중
995,Kenli,남,20대,재즈 음악 감상,arabic,spanish,중
996,Zayyan,남,30대,농구 응원,korean,spanish,중
997,Aristeo,여,60대,드론 조종,korean,chinese,상
998,Tyren,여,0대,메이커 운동,chinese,french,중
999,Jamaria,남,40대,오토바이 타기,chinese,spanish,상
1000,Elliyana,여,30대,보안 연구,french,chinese,상
1001,Kimber,여,20대,명상,spanish,chinese,중
1006,Kimber,여,20대,hello world,spanish,chinese,중
