이름,성별,연령대,자기 소개,모국어,외국어,외국어 수준
Aadam,Male,6,지리학,korean,arabic,3
Aadan,Male,27,바둑,spanish,english,1
Aaden,Female,41,필라테스,spanish,korean,3
Aadhav,Female,41,패러글라이딩,english,chinese,2
Aadhavan,Female,20,메탈 음악 감상,japanese,arabic,3
Aadhya,Male,72,배드민턴,spanish,chinese,2
Aadi,Male,49,투자 및 주식,japanese,english,3
Aadil,Male,56,환경 보호 활동,korean,english,3
Aadin,Male,22,블록체인,korean,arabic,2
Aadit,Male,26,영화 감상,french,korean,1
Aaditri,Male,9,다이빙,spanish,japanese,1
Aaditya,Female,24,보안 연구,korean,english,3
Aadya,Female,72,로프 클라이밍,english,french,1
Aadyn,Female,52,모터스포츠,chinese,spanish,2
Aahan,Male,56,패러글라이딩,korean,english,2
Aahana,Female,5,코인 수집,chinese,arabic,3
Aahil,Male,54,언어 교환,spanish,french,2
Aahna,Female,50,기타 연주,english,spanish,2
Aaidan,Male,73,개인 금융 관리,chinese,english,3
Aaiden,Male,35,영화 감상,english,japanese,3
Aailyah,Male,28,차 시음,chinese,japanese,3
Aaira,Female,23,팝 음악 감상,french,chinese,1
Aaisha,Male,37,지속 가능한 생활,korean,arabic,3
Aaishah,Female,34,오페라 감상,english,chinese,3
Aakarsh,Female,55,카약,japanese,arabic,1
Aakash,Male,6,명상,english,korean,1
Aala,Female,45,축구 응원,arabic,french,3
Aalaya,Male,71,시 쓰기,french,arabic,3
Aalayah,Male,35,농구 응원,english,french,1
Aalaysia,Male,23,산악 자전거,chinese,english,2
Aaleah,Male,39,동물 보호 활동,english,arabic,1
Aaleigha,Female,29,화초 돌보기,korean,english,1
Aaleyah,Male,34,피아노 연주,chinese,arabic,2
Aalia,Male,49,비건 생활,chinese,french,3
Aaliah,Male,34,언어 교환,korean,french,3
Aaliayah,Male,31,연극 보기,spanish,japanese,2
Aalijah,Female,35,암벽 등반,english,japanese,2
Aalina,Female,48,암호화폐,french,arabic,2
Aalivia,Female,79,암벽 등반,korean,spanish,1
Aaliya,Male,33,R&B 음악 감상,french,english,3
Aaliyah,Female,27,인테리어 디자인,french,arabic,1
Aaliyah,Female,37,비건 생활,chinese,spanish,2
Aaliyan,Female,33,DIY 프로젝트,arabic,french,2
Aaliyana,Male,49,지리학,japanese,korean,2
Aaliyha,Female,51,카누,english,french,3
Aaliyiah,Female,48,번지점프,english,spanish,2
Aalliyah,Female,25,보안 연구,french,chinese,1
Aalya,Female,31,환경 보호 활동,japanese,spanish,2
Aalyah,Female,39,동물 돌보기,english,japanese,3
Aalyiah,Female,51,스쿠버 다이빙,japanese,spanish,2
Aalyssa,Male,35,커피 추출,french,spanish,1
Aamani,Male,53,언어 교환,chinese,spanish,1
Aamari,Female,77,개인 금융 관리,spanish,japanese,3
Aamari,Male,53,마라톤,english,chinese,1
Aamarion,Male,23,요리 클래스 참가,spanish,chinese,2
Aamina,Male,46,천문학,english,japanese,2
Aaminah,Female,48,배드민턴,arabic,japanese,3
Aamir,Female,48,재즈 음악 감상,chinese,korean,2
Aamira,Male,5,필라테스,japanese,french,3
Aamirah,Female,27,오페라 감상,arabic,french,2
Aamiyah,Female,9,팝 음악 감상,japanese,chinese,3
Aamna,Female,55,암호화폐,french,arabic,1
Aamoni,Female,66,연극 보기,korean,japanese,3
Aamori,Male,21,스노우보드,french,english,1
Aamya,Male,37,쇼핑,french,spanish,3
Aamyah,Female,42,배드민턴,japanese,french,1
Aanika,Male,9,여행,french,english,2
Aaniya,Male,41,메이커 운동,chinese,spanish,3
Aaniyah,Male,39,드론 조종,english,french,3
Aanvi,Male,49,쇼핑,chinese,japanese,3
Aanya,Female,56,바둑,english,chinese,3
Aanyah,Female,44,필라테스,spanish,japanese,1
Aaqib,Male,42,환경 보호 활동,french,english,3
Aara,Male,44,인테리어 디자인,japanese,english,1
Aaralyn,Male,27,암호화폐,chinese,japanese,3
Aaralynn,Male,53,해킹,korean,arabic,3
Aaran,Female,36,미술 클래스 참가,japanese,spanish,3
Aarav,Female,69,만화 보기,french,arabic,1
Aaren,Female,31,춤추기,french,spanish,3
Aaren,Female,8,메이커 운동,french,japanese,3
Aareon,Female,51,비건 생활,arabic,chinese,3
Aareona,Female,6,제로 웨이스트 라이프스타일,japanese,english,3
Aaria,Male,25,베이킹,arabic,spanish,2
Aariah,Male,40,R&B 음악 감상,korean,french,3
Aarian,Female,68,농구 응원,french,chinese,3
Aariana,Female,59,시 쓰기,spanish,arabic,3
Aarianna,Female,55,언어 교환,arabic,korean,2
Aarib,Female,40,보안 연구,japanese,spanish,1
Aaric,Male,38,BMX,japanese,spanish,1
Aariel,Male,21,보드게임,spanish,english,1
Aarik,Female,22,스케이트보드,english,spanish,2
Aarika,Male,25,비건 생활,chinese,korean,2
Aarilyn,Male,20,제로 웨이스트 라이프스타일,korean,french,3
Aarin,Female,46,보안 연구,chinese,arabic,2
Aarin,Male,53,미니멀리즘,spanish,chinese,2
Aarini,Female,22,체스,french,english,3
Aarion,Male,8,제로 웨이스트 라이프스타일,spanish,english,2
Aariona,Female,38,요가,spanish,english,1
Aarionna,Male,54,요가,japanese,spanish,3
Aarish,Female,22,사진 찍기,japanese,chinese,2
Aarit,Male,25,3D 프린팅,korean,french,1
Aariv,Female,55,가상 현실,japanese,arabic,2
Aariya,Female,24,팝 음악 감상,english,chinese,3
Aariyah,Male,47,모터스포츠,english,arabic,1
Aariz,Male,54,블록체인,english,arabic,2
Aarna,Male,61,사진 찍기,arabic,french,1
Aarnav,Female,5,빈티지 수집,japanese,arabic,3
Aarnavi,Female,70,등산,english,chinese,1
Aarohi,Female,57,스케이트보드,french,spanish,2
Aaron,Female,23,피아노 연주,japanese,chinese,1
Aaron,Female,41,모터스포츠,french,japanese,1
Aaronjames,Male,31,여행,spanish,korean,1
Aarron,Female,9,바둑,korean,arabic,2
Aarti,Male,9,스탬프 수집,french,english,2
Aarush,Male,8,보안 연구,chinese,japanese,1
Aarushi,Female,49,모터스포츠,arabic,french,3
Aarya,Male,47,동물 돌보기,japanese,arabic,3
Aarya,Female,48,농구 응원,french,spanish,1
Aaryan,Male,9,산악 자전거,spanish,english,2
Aaryana,Male,31,메이커 운동,chinese,french,3
Aaryanna,Male,39,여행,arabic,spanish,2
Aaryav,Female,6,드럼 치기,spanish,korean,1
Aaryn,Female,52,암벽 등반,japanese,spanish,1
Aaryn,Male,22,뮤지컬 보기,arabic,japanese,1
Aasha,Female,22,패들보드,english,chinese,3
Aashi,Female,47,농구 응원,spanish,french,1
Aashir,Male,75,보드게임,chinese,french,1
Aashka,Female,32,자원 봉사,korean,chinese,1
Aashna,Male,6,커피 추출,spanish,korean,2
Aashni,Female,46,여행,korean,english,2
Aashrith,Female,62,증강 현실,arabic,english,1
Aashritha,Female,27,드론 조종,french,spanish,1
Aashvi,Male,46,우주 탐사,english,korean,1
Aasia,Female,41,코인 수집,japanese,english,1
Aasim,Male,35,BMX,english,japanese,1
Aasir,Male,73,등산,english,korean,3
Aasiya,Female,26,투자 및 주식,korean,spanish,2
Aasiyah,Male,67,춤추기,chinese,spanish,2
Aastha,Female,53,마라톤,japanese,english,1
Aaven,Male,37,베이킹,japanese,french,3
Aayan,Female,28,비건 생활,arabic,spanish,3
Aayanah,Female,22,스케이트보드,korean,chinese,2
Aayanna,Male,64,스카이다이빙,korean,japanese,3
Aayden,Male,65,노래하기,chinese,spanish,1
Aayla,Female,39,재즈 음악 감상,french,chinese,3
Aayush,Female,57,보안 연구,japanese,chinese,2
Aayushi,Male,8,언어 학습,korean,chinese,3
Ab,Female,38,농구,french,korean,2
Abad,Male,6,명상,chinese,spanish,3
Abagael,Female,35,전자 음악 감상,spanish,korean,2
Abagail,Male,64,오토바이 타기,chinese,japanese,3
Abagale,Male,30,요리 클래스 참가,french,japanese,2
Abagayle,Female,48,배드민턴,english,japanese,3
Abaigeal,Female,68,춤추기,english,chinese,2
Aban,Male,31,춤추기,chinese,japanese,3
Abanoub,Female,6,드론 조종,japanese,arabic,3
Abas,Male,39,새 관찰,japanese,korean,2
Abbagail,Male,37,사진 찍기,korean,french,1
Abbagale,Male,38,커피 추출,spanish,korean,2
Abbagayle,Male,29,베이킹,spanish,chinese,2
Abbas,Male,55,캠핑,arabic,japanese,1
Abbe,Female,25,작문 클래스 참가,chinese,english,2
Abbee,Female,8,새 관찰,chinese,french,3
Abbegail,Male,7,새 관찰,korean,japanese,2
Abbegale,Female,45,문화 탐구,japanese,french,2
Abbey,Male,50,서핑,arabic,english,3
Abbeygail,Female,34,와인 시음,english,french,1
Abbi,Female,79,요가,japanese,arabic,2
Abbie,Male,40,요리 클래스 참가,korean,english,2
Abbiegail,Male,76,농구,english,arabic,2
Abbiegayle,Male,46,그림 그리기,korean,arabic,3
Abbigail,Female,48,지리학,japanese,spanish,3
Abbigaile,Female,38,재즈 음악 감상,chinese,arabic,3
Abbigal,Female,25,환경 보호 활동,english,korean,1
Abbigale,Male,37,개인 금융 관리,english,arabic,2
Abbigayle,Male,71,서핑,english,korean,2
Abbott,Female,9,코딩,arabic,spanish,1
Abby,Male,67,로봇 제작,french,english,3
Abbye,Female,48,록 음악 감상,chinese,english,2
Abbygael,Male,39,그림 그리기,korean,chinese,1
Abbygail,Male,45,미술 클래스 참가,arabic,spanish,3
Abbygale,Female,59,바둑,arabic,spanish,3
Abbygayle,Female,37,로프 클라이밍,french,english,3
Abcde,Female,23,문화 탐구,korean,spanish,1
Abdalla,Male,24,언어 학습,japanese,arabic,3
Abdallah,Female,22,R&B 음악 감상,french,korean,2
Abdalrahman,Male,42,비건 생활,english,french,2
Abdel,Female,24,신재생 에너지,spanish,french,3
Abdelaziz,Female,25,만화 보기,french,japanese,1
Abdelkarim,Male,36,로프 클라이밍,japanese,arabic,3
Abdelrahman,Male,9,오페라 감상,spanish,french,3
Abdelrhman,Male,38,트라이애슬론,spanish,french,1
Abdi,Female,20,새 관찰,japanese,english,3
Abdias,Male,62,스노우보드,korean,french,3
Abdiaziz,Male,50,문화 탐구,arabic,french,3
Abdiel,Female,46,화초 돌보기,korean,chinese,2
Abdifatah,Female,23,오페라 감상,korean,spanish,3
Abdihakim,Female,31,요리,arabic,chinese,1
Abdikadir,Female,73,카약,arabic,chinese,1
Abdilahi,Male,27,게임,english,spanish,1
Abdimalik,Male,39,만화 보기,korean,arabic,1
Abdinasir,Male,35,베이킹,chinese,korean,1
Abdirahim,Male,57,번지점프,french,english,2
Abdirahman,Female,56,천문학,arabic,french,2
Abdirizak,Male,43,스쿠버 다이빙,japanese,french,3
Abdon,Female,41,코딩,english,french,2
Abdou,Female,28,팝 음악 감상,french,english,1
Abdoul,Male,39,시 쓰기,spanish,japanese,3
Abdoulaye,Female,79,블록체인,english,korean,1
Abdoulie,Female,58,전자 음악 감상,korean,spanish,2
Abdul,Female,30,기타 연주,japanese,arabic,3
Abdulah,Male,32,뮤지컬 보기,japanese,spanish,1
Abdulahad,Male,22,지리학,japanese,korean,1
Abdulahi,Female,36,와인 시음,chinese,spanish,2
Abdulai,Female,36,정원 가꾸기,japanese,spanish,2
Abdulaziz,Male,49,스케이트보드,chinese,spanish,3
Abdulhadi,Female,56,스케이트보드,japanese,french,2
Abdulhameed,Female,64,새 관찰,chinese,french,1
Abdulhamid,Male,28,개인 금융 관리,english,french,2
Abdulkadir,Female,20,미술 클래스 참가,korean,french,3
Abdulkareem,Male,48,작문 클래스 참가,english,arabic,2
Abdulkarim,Male,53,게임,japanese,french,1
Abdulla,Male,53,크로스핏,arabic,french,3
Abdullah,Female,9,산악 자전거,chinese,english,2
Abdullahi,Male,20,록 음악 감상,french,japanese,2
Abdulmalek,Female,65,크로스핏,korean,english,1
Abdulmalik,Male,31,별보기,french,spanish,1
Abdulraheem,Male,45,트라이애슬론,arabic,chinese,1
Abdulrahim,Female,30,도서 읽기,korean,english,3
Abdulrahman,Female,31,빈티지 수집,french,spanish,2
Abdulwadud,Male,58,카누,korean,spanish,3
Abdulwahab,Female,34,지리학,chinese,japanese,3
Abdur,Female,60,정원 가꾸기,french,english,3
Abdurahman,Female,6,작문 클래스 참가,japanese,english,2
Abdurrahman,Male,38,별보기,chinese,english,3
Abe,Female,28,마라톤,french,spanish,2
Abednego,Female,9,3D 프린팅,japanese,english,1
Abeeha,Female,20,기타 연주,english,korean,3
Abeer,Male,40,수영,english,spanish,2
Abegail,Female,41,차 시음,arabic,french,2
Abel,Female,33,보안 연구,chinese,korean,1
Abela,Female,46,연극 보기,english,japanese,1
Abelardo,Male,41,드럼 치기,english,french,1
Abelina,Male,29,메탈 음악 감상,french,japanese,1
Abelino,Male,32,미술 클래스 참가,english,spanish,3
Abella,Female,59,미니멀리즘,chinese,japanese,1
Abem,Male,31,캠핑,english,chinese,3
Abena,Male,23,보드게임,spanish,arabic,2
Abenezer,Female,24,새 관찰,french,spanish,3
Abeni,Female,44,베이킹,korean,arabic,3
Aberdeen,Male,50,클래식 음악 감상,spanish,english,2
Aberham,Male,37,3D 프린팅,spanish,french,3
Abhay,Female,34,비건 생활,arabic,japanese,1
Abhi,Male,9,비건 생활,korean,spanish,2
Abhijay,Female,21,요리 클래스 참가,chinese,spanish,3
Abhijot,Male,39,게임,korean,japanese,3
Abhimanyu,Male,75,정원 가꾸기,japanese,arabic,3
Abhinav,Male,60,공부,chinese,spanish,1
Abhiraj,Male,59,스탬프 수집,chinese,french,1
Abhiram,Female,23,코인 수집,spanish,arabic,3
Abhishek,Female,26,등산,french,arabic,3
Abi,Female,68,비건 생활,english,arabic,3
Abiageal,Female,26,문화 탐구,chinese,japanese,2
Abian,Male,45,인테리어 디자인,spanish,chinese,1
Abid,Male,6,암호화폐,chinese,japanese,3
Abie,Female,44,제로 웨이스트 라이프스타일,arabic,japanese,1
Abie,Female,46,캠핑,korean,french,1
Abiel,Female,39,사진 찍기,chinese,japanese,1
Abigael,Male,73,스쿠버 다이빙,french,english,2
Abigaelle,Female,74,새 관찰,arabic,spanish,3
Abigahil,Female,25,댄스 클래스 참가,english,french,3
Abigail,Female,7,블록체인,japanese,english,2
Abigail,Male,28,드론 조종,chinese,arabic,2
Abigaile,Female,34,배드민턴,spanish,arabic,2
Abigailmarie,Male,72,스노우보드,korean,japanese,1
Abigal,Female,45,체스,japanese,arabic,2
Abigale,Male,9,오페라 감상,english,korean,1
Abigayil,Male,46,만화 보기,korean,french,1
Abigayl,Male,30,모터스포츠,korean,chinese,3
Abigayle,Male,53,인테리어 디자인,english,japanese,1
Abigel,Female,5,요리,english,spanish,3
Abigial,Male,25,새 관찰,korean,english,3
Abiha,Female,27,별보기,chinese,korean,3
Abijah,Female,31,배드민턴,arabic,english,3
Abilene,Male,32,스노우보드,english,japanese,3
Abimael,Male,41,동물 보호 활동,chinese,korean,1
Abimbola,Female,76,힙합 음악 감상,spanish,french,1
Abimelec,Male,43,보안 연구,spanish,japanese,1
Abinav,Female,36,명상,japanese,english,1
Abinaya,Female,21,작문 클래스 참가,korean,chinese,2
Abiola,Male,64,맥주 제조,arabic,spanish,2
Abir,Male,42,춤추기,french,chinese,3
Abisag,Male,39,모터스포츠,spanish,english,1
Abisai,Male,49,바둑,korean,spanish,2
Abishai,Female,27,기타 연주,english,french,3
Abisola,Female,9,블록체인,japanese,spanish,3
Abla,Male,6,스쿠버 다이빙,english,chinese,3
Able,Male,38,제로 웨이스트 라이프스타일,japanese,chinese,1
Abner,Male,25,지리학,chinese,japanese,1
Abney,Female,59,낚시,english,spanish,2
Abou,Male,33,역사 탐구,korean,chinese,3
Aboubacar,Male,25,기타 연주,english,japanese,2
Aboubakar,Male,33,힙합 음악 감상,arabic,spanish,1
Abraham,Male,46,아트 수집,french,english,3
Abrahan,Female,7,스키,spanish,chinese,1
Abrahim,Female,33,아트 수집,chinese,french,3
Abrahm,Male,52,미니멀리즘,spanish,arabic,2
Abram,Female,59,블록체인,korean,english,2
Abran,Female,79,메탈 음악 감상,korean,english,2
Abrar,Female,58,작문 클래스 참가,arabic,french,2
Abrar,Female,44,BMX,korean,arabic,3
Abrea,Female,37,베이킹,japanese,french,2
Abreanna,Male,42,록 음악 감상,japanese,korean,3
Abree,Male,25,농구,spanish,chinese,2
Abrey,Female,43,낚시,arabic,japanese,2
Abri,Male,53,크로스핏,french,chinese,3
Abria,Male,77,마라톤,korean,chinese,3
Abrial,Male,28,해킹,japanese,french,3
Abrian,Female,45,보안 연구,spanish,english,3
Abriana,Female,58,축구,spanish,english,1
Abrianna,Male,30,영화 감상,japanese,french,2
Abrie,Male,62,미니멀리즘,english,korean,3
Abriel,Male,73,BMX,korean,japanese,1
Abriel,Female,43,농구,french,chinese,3
Abriela,Female,28,바둑,french,english,2
Abriella,Female,20,스키,japanese,korean,2
Abrielle,Female,25,패들보드,spanish,english,3
Abrien,Female,43,미술 클래스 참가,chinese,arabic,2
Abril,Male,47,명상,spanish,french,3
Abrina,Male,47,우주 탐사,arabic,korean,3
Abrionna,Female,21,다이빙,english,french,2
Abryana,Male,5,마술,french,spanish,3
Abryanna,Male,77,산악 자전거,spanish,french,3
Abryl,Male,60,공부,spanish,french,2
Absalom,Male,37,지속 가능한 생활,chinese,arabic,2
Abshir,Male,57,해킹,korean,japanese,1
Abu,Female,9,여행,japanese,arabic,3
Abubakar,Male,27,재즈 음악 감상,english,japanese,1
Abubakr,Male,34,개인 금융 관리,japanese,french,3
Abuk,Female,32,언어 학습,arabic,chinese,3
Abukar,Male,48,블로깅,korean,arabic,3
Aby,Female,5,아트 수집,english,spanish,1
Abyan,Female,69,와인 시음,chinese,english,1
Abyan,Male,56,우주 탐사,spanish,english,3
Abygail,Male,56,와인 시음,korean,spanish,2
Abygale,Male,59,스노우보드,english,arabic,2
Abygayle,Female,62,쇼핑,korean,english,2
Abyssinia,Male,30,코딩,spanish,english,3
Acacia,Male,50,낚시,korean,chinese,2
Acadia,Female,78,뮤지컬 보기,korean,spanish,2
Acasia,Female,32,아트 수집,spanish,english,1
Accalia,Male,37,낚시,english,french,3
Ace,Male,51,언어 교환,french,arabic,3
Acea,Male,59,건강 및 웰니스,french,spanish,2
Acelin,Female,27,암벽 등반,chinese,french,2
Acelin,Female,28,스탬프 수집,english,spanish,1
Acelyn,Male,6,코인 수집,chinese,french,2
Acelynn,Male,37,신재생 에너지,arabic,japanese,1
Acen,Male,38,문화 탐구,spanish,chinese,1
Aceon,Female,37,트라이애슬론,spanish,chinese,2
Acer,Female,57,요가,spanish,english,2
Aceson,Male,51,스케이트보드,french,japanese,3
Aceyn,Female,47,증강 현실,english,chinese,2
Achaia,Male,24,스키,chinese,arabic,2
Acheron,Male,65,개인 금융 관리,korean,english,3
Achille,Male,50,스노우보드,japanese,arabic,2
Achilles,Female,29,자원 봉사,chinese,french,3
Achillies,Female,56,미니멀리즘,english,chinese,2
Achintya,Male,68,오토바이 타기,spanish,arabic,1
Achol,Female,44,전자 음악 감상,french,english,1
Achyut,Male,33,전자 음악 감상,english,french,2
Aciano,Female,43,등산,english,chinese,2
Acie,Female,38,오토바이 타기,chinese,french,1
Acire,Female,30,지속 가능한 생활,korean,chinese,3
Acsa,Male,47,공부,chinese,japanese,2
Acxel,Male,7,시 쓰기,english,french,1
Ada,Male,78,오토바이 타기,japanese,english,1
Ada,Female,57,축구 응원,english,korean,2
Adabella,Female,22,베이킹,arabic,chinese,1
Adabelle,Female,32,스케이트보드,english,french,3
Adael,Male,9,비건 생활,spanish,arabic,2
Adaeze,Male,36,암벽 등반,korean,english,2
Adah,Male,77,드론 조종,french,spanish,2
Adahir,Female,8,글쓰기,chinese,korean,3
Adahlia,Male,36,영화 감상,japanese,french,1
Adaia,Male,50,재즈 음악 감상,korean,spanish,1
Adaiah,Male,41,암호화폐,spanish,japanese,2
Adain,Male,50,문화 탐구,english,japanese,3
Adair,Female,22,요가,chinese,japanese,1
Adair,Female,34,스탬프 수집,spanish,english,3
Adaira,Female,31,로프 클라이밍,arabic,english,1
Adal,Male,31,차 시음,english,spanish,1
Adalae,Female,68,문화 탐구,chinese,japanese,2
Adalai,Male,31,별보기,arabic,japanese,3
Adalaide,Female,32,동물 보호 활동,french,spanish,2
Adalay,Female,32,메이커 운동,korean,french,3
Adalayde,Female,42,다이빙,french,japanese,1
Adalberto,Female,42,코딩,japanese,chinese,3
Adalea,Male,5,로프 클라이밍,spanish,korean,1
Adalee,Male,43,스카이다이빙,french,korean,1
Adaleena,Male,55,지속 가능한 생활,spanish,english,1
Adalei,Male,9,카누,spanish,japanese,3
Adaleigh,Female,50,농구 응원,english,chinese,1
Adalen,Male,51,등산,chinese,french,3
Adalena,Female,37,보안 연구,spanish,korean,2
Adalene,Female,25,패션 디자인,korean,french,3
Adaley,Male,23,지리학,english,chinese,2
Adali,Male,21,오페라 감상,japanese,korean,1
Adalia,Female,37,코딩,chinese,arabic,1
Adaliah,Male,32,신재생 에너지,korean,english,2
Adalicia,Male,62,베이킹,french,korean,2
Adalid,Female,37,문화 탐구,arabic,english,1
Adalid,Male,26,암호화폐,korean,english,3
Adalie,Male,29,댄스 클래스 참가,french,korean,3
Adalin,Female,24,드럼 치기,arabic,japanese,1
Adalina,Male,24,암벽 등반,korean,english,3
Adaline,Male,8,카약,arabic,korean,3
Adalis,Female,32,3D 프린팅,chinese,arabic,2
Adalise,Female,38,시 쓰기,french,english,1
Adaliz,Male,58,정원 가꾸기,english,japanese,1
Adallyn,Female,62,새 관찰,chinese,french,2
Adaly,Male,33,정원 가꾸기,japanese,chinese,2
Adalyn,Male,27,시 쓰기,korean,chinese,1
Adalyna,Male,7,해킹,french,japanese,1
Adalyne,Female,24,다이빙,english,chinese,3
Adalynn,Male,45,빈티지 수집,japanese,korean,3
Adalynne,Male,62,블로깅,spanish,english,3
Adam,Male,70,암벽 등반,english,chinese,2
Adam,Female,76,패들보드,spanish,french,3
Adama,Male,27,전자 음악 감상,english,korean,1
Adama,Male,6,도서 읽기,spanish,french,1
Adamae,Male,73,스탬프 수집,english,chinese,2
Adamari,Female,20,드론 조종,korean,french,1
Adamarie,Female,33,힙합 음악 감상,french,korean,3
Adamaris,Male,43,블로깅,french,japanese,3
Adamariz,Male,20,크로스핏,arabic,english,1
Adamary,Female,70,록 음악 감상,arabic,japanese,2
Adamarys,Male,44,베이킹,chinese,arabic,3
Adams,Female,38,농구,chinese,korean,2
Adan,Female,31,요리 클래스 참가,chinese,korean,1
Adan,Male,68,R&B 음악 감상,english,french,1
Adana,Male,54,스노우보드,french,english,2
Adaneli,Female,47,맥주 제조,spanish,arabic,2
Adanely,Male,37,요리 클래스 참가,french,english,1
Adanna,Male,54,수영,japanese,english,2
Adanya,Female,6,드럼 치기,korean,japanese,3
Adaora,Male,75,암호화폐,chinese,japanese,1
Adar,Female,49,투자 및 주식,japanese,french,1
Adara,Male,23,화초 돌보기,chinese,korean,3
Adarah,Female,76,보드게임,spanish,japanese,2
Adarian,Female,28,문화 탐구,spanish,french,2
Adarious,Male,56,산악 자전거,english,spanish,2
Adarius,Male,72,요가,english,chinese,1
Adarrius,Female,40,비건 생활,korean,arabic,1
Adarsh,Male,36,해킹,arabic,english,3
Adason,Female,26,게임,english,spanish,2
Adasyn,Male,51,등산,english,french,2
Adavia,Female,38,시 쓰기,korean,french,2
Adaya,Male,51,마라톤,chinese,french,1
Adayah,Female,40,농구 응원,arabic,korean,3
Adayla,Female,29,자원 봉사,spanish,japanese,2
Adda,Male,49,스케이트보드,french,japanese,3
Addai,Male,70,패션 디자인,arabic,chinese,2
Addalee,Female,48,체스,korean,japanese,2
Addalie,Female,32,암호화폐,english,korean,1
Addaline,Female,25,체스,korean,chinese,3
Addalyn,Male,57,코인 수집,japanese,arabic,2
Addalyne,Male,47,스탬프 수집,english,french,1
Addalynn,Male,49,기타 연주,chinese,french,1
Addalynne,Male,42,전자 음악 감상,chinese,spanish,3
Addam,Female,35,클래식 음악 감상,japanese,english,2
Addasyn,Female,49,투자 및 주식,japanese,french,1
Addelina,Male,38,보드게임,english,spanish,3
Addeline,Male,68,가상 현실,english,arabic,1
Addelyn,Female,31,비건 생활,arabic,japanese,3
Addelyne,Female,66,명상,french,korean,1
Addelynn,Male,55,커피 추출,japanese,french,3
Addelynne,Male,69,미니멀리즘,chinese,arabic,1
Adden,Male,30,커피 추출,arabic,chinese,1
Addi,Female,59,전자 음악 감상,english,spanish,2
Addicyn,Female,39,요가,japanese,english,1
Addie,Female,21,블로깅,korean,arabic,2
Addiel,Female,64,마술,korean,japanese,3
Addilee,Male,59,빈티지 수집,korean,spanish,3
Addileigh,Male,23,재즈 음악 감상,korean,english,1
Addilyn,Male,22,작문 클래스 참가,japanese,spanish,1
Addilyne,Male,40,아트 수집,spanish,korean,2
Addilynn,Female,6,보드게임,french,spanish,1
Addilynne,Female,24,로프 클라이밍,chinese,arabic,2
Addington,Female,54,새 관찰,korean,french,1
Addis,Male,23,오페라 감상,spanish,french,3
Addisen,Female,27,차 시음,spanish,japanese,2
Addisin,Female,5,피아노 연주,arabic,french,3
Addison,Male,21,차 시음,english,french,3
Addison,Male,7,영화 감상,chinese,arabic,1
Addisson,Male,41,배드민턴,english,chinese,2
Addiston,Female,62,빈티지 수집,chinese,french,1
Addisyn,Male,28,게임,japanese,arabic,2
Addisynn,Male,39,스탬프 수집,english,japanese,1
Addlee,Female,39,글쓰기,korean,chinese,3
Addley,Female,63,천문학,english,japanese,3
Addy,Male,5,제로 웨이스트 라이프스타일,chinese,japanese,2
Addylin,Male,44,명상,spanish,english,3
Addylyn,Female,24,커뮤니티 서비스,arabic,french,1
Addysan,Male,23,자격증 따기,korean,chinese,3
Addysen,Female,47,스카이다이빙,english,korean,3
Addysin,Female,50,3D 프린팅,arabic,japanese,1
Addysn,Male,29,와인 시음,spanish,korean,3
Addyson,Female,47,미술 클래스 참가,spanish,korean,3
Addyson,Female,58,언어 교환,korean,chinese,2
Addysun,Female,29,등산,arabic,french,1
Addysyn,Male,74,빈티지 수집,arabic,french,2
Ade,Male,35,아트 수집,spanish,korean,1
Adea,Male,8,3D 프린팅,french,arabic,1
Adeana,Male,53,베이킹,french,english,1
Adebayo,Male,50,요리,english,spanish,2
Adedamola,Male,33,동물 보호 활동,korean,arabic,3
Adeeb,Male,67,문화 탐구,arabic,english,2
Adeena,Female,56,3D 프린팅,english,chinese,2
Adejah,Female,24,게임,french,korean,2
Adel,Female,33,사진 찍기,japanese,spanish,1
Adel,Female,37,시 쓰기,chinese,arabic,3
Adela,Female,52,비건 생활,chinese,korean,3
Adelade,Female,9,크로스핏,spanish,french,3
Adelae,Male,36,제로 웨이스트 라이프스타일,english,arabic,2
Adelai,Female,45,BMX,korean,chinese,2
Adelaida,Female,52,언어 교환,chinese,french,3
Adelaide,Female,58,마라톤,chinese,french,1
Adelaine,Male,74,R&B 음악 감상,chinese,english,2
Adelane,Male,53,힙합 음악 감상,spanish,french,2
Adelayde,Male,41,와인 시음,japanese,chinese,1
Adelayne,Male,58,블로깅,spanish,arabic,3
Adele,Female,8,댄스 클래스 참가,japanese,spanish,1
Adelee,Female,65,작문 클래스 참가,spanish,chinese,3
Adelei,Female,61,암호화폐,arabic,french,2
Adeleigh,Female,22,암벽 등반,english,chinese,3
Adeleine,Male,22,화초 돌보기,arabic,korean,2
Adelena,Female,53,낚시,arabic,chinese,1
Adelene,Male,45,체스,arabic,korean,2
Adelheid,Female,50,메이커 운동,french,korean,2
Adeli,Female,7,크로스핏,french,arabic,2
Adelia,Male,49,스탬프 수집,korean,english,3
Adelicia,Male,75,인테리어 디자인,japanese,spanish,2
Adelie,Male,35,뮤지컬 보기,korean,arabic,1
Adelin,Male,37,등산,arabic,english,1
Adelina,Male,39,퍼즐 풀기,chinese,korean,2
Adeline,Female,30,필라테스,arabic,korean,2
Adelis,Female,9,드럼 치기,french,japanese,2
Adelisa,Male,43,축구,japanese,arabic,2
Adelise,Female,47,지속 가능한 생활,korean,spanish,3
Adelita,Female,52,드론 조종,chinese,korean,1
Adeliz,Female,45,지리학,japanese,korean,3
Adell,Male,5,차 시음,english,arabic,3
Adella,Male,25,축구 응원,french,chinese,2
Adelle,Female,7,힙합 음악 감상,english,korean,1
Adellyn,Male,70,시 쓰기,korean,chinese,2
Adely,Female,52,클래식 음악 감상,french,english,2
Adelyn,Male,36,번지점프,japanese,chinese,3
Adelyne,Male,45,트라이애슬론,spanish,chinese,3
Adelynn,Female,34,신재생 에너지,chinese,korean,2
Adelynne,Female,54,로프 클라이밍,spanish,french,3
Adem,Male,34,환경 보호 활동,spanish,arabic,3
Aden,Male,33,만화 보기,spanish,english,3
Aden,Female,42,블로깅,arabic,spanish,2
Adena,Male,40,미니멀리즘,chinese,korean,1
Adenike,Female,37,도서 읽기,spanish,english,1
Adeniyi,Male,23,패들보드,english,arabic,3
Adeola,Male,8,블로깅,french,korean,2
Adeoluwa,Female,23,스노우보드,korean,spanish,2
Aderyn,Female,40,팝 음악 감상,english,japanese,2
Adessa,Male,74,별보기,arabic,english,3
Adesuwa,Female,65,빈티지 수집,english,french,1
Adetokunbo,Female,20,낚시,arabic,french,3
Adewale,Female,64,차 시음,chinese,spanish,3
Adham,Male,59,록 음악 감상,arabic,korean,2
Adhav,Female,39,블록체인,japanese,chinese,1
Adheesh,Male,70,역사 탐구,spanish,japanese,3
Adhira,Female,50,필라테스,arabic,english,2
Adhrit,Female,28,보안 연구,arabic,french,3
Adhvaith,Male,9,요리,spanish,chinese,2
Adhya,Female,26,체스,spanish,french,1
Adi,Male,29,스노우보드,english,korean,2
Adi,Male,50,빈티지 수집,english,chinese,2
Adia,Male,22,오페라 감상,arabic,korean,1
Adiah,Male,38,환경 보호 활동,japanese,english,2
Adian,Male,32,건강 및 웰니스,korean,english,3
Adiana,Male,62,신재생 에너지,chinese,french,3
Adianez,Male,26,글쓰기,arabic,french,3
Adianna,Male,8,힙합 음악 감상,french,arabic,3
Adib,Female,64,3D 프린팅,spanish,chinese,1
Adiba,Male,45,동물 보호 활동,arabic,korean,1
Adie,Female,26,힙합 음악 감상,french,english,3
Adiel,Male,45,메탈 음악 감상,korean,japanese,2
Adiel,Male,60,글쓰기,english,japanese,1
Adiella,Male,6,사진 찍기,english,korean,2
Adien,Female,50,동물 보호 활동,french,arabic,1
Adil,Male,30,모터스포츠,french,chinese,2
Adilee,Male,54,빈티지 수집,english,chinese,2
Adilen,Female,76,맥주 제조,korean,spanish,1
Adilene,Female,54,정원 가꾸기,french,english,3
Adilenne,Male,6,개인 금융 관리,spanish,korean,3
Adilyn,Female,29,차 시음,english,japanese,3
Adilyne,Female,33,미술 클래스 참가,chinese,english,2
Adilynn,Male,56,메이커 운동,english,korean,3
Adilynne,Male,37,그림 그리기,korean,french,2
Adin,Female,34,신재생 에너지,japanese,french,2
Adina,Female,45,로봇 제작,english,spanish,2
Adir,Male,50,아트 수집,spanish,chinese,2
Adira,Female,53,보안 연구,chinese,japanese,1
Adis,Male,6,마라톤,english,arabic,1
Adisa,Female,38,공부,arabic,chinese,1
Adisen,Male,33,카누,spanish,chinese,1
Adison,Female,24,건강 및 웰니스,arabic,korean,3
Adison,Male,27,스키,chinese,english,1
Adisson,Female,74,요리 클래스 참가,chinese,arabic,2
Adisyn,Female,20,여행,french,english,1
Adisynn,Male,37,크로스핏,french,spanish,1
Adisynne,Male,9,환경 보호 활동,arabic,english,1
Adit,Male,21,록 음악 감상,korean,chinese,1
Adith,Male,39,퍼즐 풀기,spanish,korean,1
Adithi,Male,70,차 시음,spanish,french,3
Adithya,Male,6,스키,chinese,japanese,2
Aditi,Female,73,천문학,english,arabic,2
Aditri,Male,40,우주 탐사,arabic,japanese,1
Aditya,Female,33,신재생 에너지,english,spanish,3
Adiva,Male,33,오토바이 타기,japanese,arabic,2
Adiya,Female,54,번지점프,french,chinese,3
Adja,Female,44,모터스포츠,french,english,2
Adjoa,Female,35,R&B 음악 감상,english,french,3
Adlai,Male,47,블로깅,english,french,2
Adlee,Female,37,카누,chinese,korean,1
Adleigh,Male,63,블록체인,korean,chinese,1
Adler,Female,46,스카이다이빙,arabic,english,1
Adler,Female,7,인테리어 디자인,french,korean,1
Adley,Male,27,글쓰기,spanish,arabic,1
Adley,Female,35,해킹,arabic,chinese,3
Adlin,Female,8,스케이트보드,french,japanese,1
Adlyn,Female,50,자격증 따기,chinese,arabic,1
Adlynn,Female,48,기타 연주,chinese,korean,3
Admire,Male,28,영화 감상,english,korean,1
Adna,Female,45,천문학,japanese,korean,2
Adnan,Male,5,미술 클래스 참가,korean,arabic,2
Adolfo,Male,46,요리 클래스 참가,english,korean,2
Adolph,Female,23,역사 탐구,french,english,3
Adon,Female,6,사진 찍기,french,chinese,2
Adonai,Male,23,증강 현실,korean,chinese,2
Adonai,Female,52,필라테스,english,japanese,2
Adonay,Male,55,자원 봉사,chinese,arabic,1
Adoni,Female,7,신재생 에너지,spanish,chinese,3
Adonia,Female,31,연극 보기,japanese,chinese,3
Adonias,Male,9,만화 보기,arabic,korean,3
Adonijah,Male,54,등산,korean,chinese,2
Adoniram,Male,60,패들보드,spanish,english,3
Adonis,Male,8,블로깅,french,japanese,2
Adonnis,Female,41,클래식 음악 감상,chinese,spanish,2
Adora,Male,27,필라테스,japanese,french,1
Adorabella,Female,47,로프 클라이밍,english,spanish,3
Adore,Female,40,캠핑,chinese,arabic,2
Adorian,Male,78,DIY 프로젝트,spanish,japanese,3
Adra,Male,26,별보기,korean,spanish,2
Adrain,Female,29,요가,english,korean,3
Adran,Male,24,힙합 음악 감상,arabic,english,2
Adream,Male,8,베이킹,korean,spanish,3
Adrean,Female,40,로봇 제작,japanese,korean,3
Adreana,Female,58,R&B 음악 감상,korean,arabic,2
Adreanna,Female,72,시 쓰기,french,japanese,2
Adreena,Male,26,쇼핑,japanese,korean,2
Adrein,Female,40,동물 돌보기,spanish,korean,3
Adren,Male,59,정원 가꾸기,english,arabic,1
Adrena,Female,9,베이킹,french,arabic,3
Adri,Male,72,언어 교환,french,arabic,3
Adri,Female,40,자원 봉사,japanese,spanish,3
Adria,Female,7,정원 가꾸기,chinese,korean,1
Adriaan,Female,33,스노우보드,chinese,japanese,3
Adriah,Female,55,퍼즐 풀기,spanish,english,2
Adriahna,Male,8,빈티지 수집,english,chinese,3
Adrian,Female,9,낚시,arabic,chinese,2
Adrian,Male,9,공부,korean,spanish,3
Adriana,Male,59,오토바이 타기,chinese,korean,1
Adrianah,Female,9,쇼핑,japanese,english,3
Adriane,Male,55,빈티지 수집,japanese,korean,2
Adriane,Male,5,차 시음,japanese,korean,2
Adriann,Male,47,클래식 음악 감상,spanish,chinese,1
Adriann,Female,27,재즈 음악 감상,arabic,french,3
Adrianna,Male,63,드론 조종,korean,french,2
Adriannah,Male,5,오토바이 타기,japanese,spanish,2
Adrianne,Female,49,농구 응원,japanese,chinese,1
Adrianno,Male,31,필라테스,korean,english,3
Adriano,Male,52,지리학,chinese,english,3
Adriauna,Male,6,지리학,english,japanese,2
Adric,Male,74,화초 돌보기,korean,english,3
Adrick,Male,72,지속 가능한 생활,japanese,spanish,3
Adrie,Male,57,도서 읽기,english,japanese,3
Adriean,Male,78,문화 탐구,english,french,1
Adrieanna,Female,64,패러글라이딩,japanese,korean,1
Adriel,Female,68,체스,arabic,spanish,1
Adriel,Female,20,오페라 감상,french,chinese,1
Adriela,Male,29,오토바이 타기,chinese,arabic,3
Adriell,Female,64,자격증 따기,arabic,chinese,1
Adriella,Male,24,패션 디자인,spanish,arabic,1
Adrielle,Female,8,마술,korean,arabic,1
Adrien,Male,5,스탬프 수집,french,korean,2
Adrien,Male,53,서핑,korean,chinese,3
Adriena,Female,20,수영,spanish,chinese,2
Adriene,Male,23,투자 및 주식,spanish,french,2
Adrienna,Male,75,재즈 음악 감상,chinese,japanese,1
Adrienne,Male,20,필라테스,french,japanese,2
Adrijana,Female,40,제로 웨이스트 라이프스타일,french,spanish,3
Adrik,Female,9,증강 현실,arabic,chinese,3
Adrina,Female,6,스카이다이빙,spanish,french,1
Adrinna,Male,8,도서 읽기,arabic,korean,1
Adrion,Female,73,팝 음악 감상,arabic,english,2
Adriona,Female,57,댄스 클래스 참가,korean,arabic,1
Adrionna,Male,41,록 음악 감상,arabic,spanish,3
Adrius,Female,21,환경 보호 활동,spanish,korean,2
Adriyana,Male,38,패션 디자인,chinese,spanish,1
Adriyanna,Male,34,역사 탐구,english,arabic,1
Adron,Male,57,배드민턴,arabic,japanese,1
Adry,Male,39,카약,arabic,korean,1
Adryan,Male,71,쇼핑,arabic,korean,1
Adryan,Male,44,미니멀리즘,japanese,chinese,3
Adryana,Male,8,동물 돌보기,french,korean,3
Adryanna,Female,29,와인 시음,english,korean,1
Adryel,Female,51,BMX,arabic,japanese,1
Adryen,Male,50,여행,arabic,japanese,3
Adut,Male,46,사진 찍기,chinese,arabic,2
Advait,Female,68,요리,korean,arabic,1
Advaith,Male,78,피아노 연주,english,japanese,3
Advay,Male,39,커뮤니티 서비스,spanish,english,3
Advik,Male,57,공부,japanese,english,3
Advika,Male,76,증강 현실,korean,spanish,3
Adwin,Male,71,오페라 감상,japanese,korean,3
Adwita,Female,57,게임,arabic,french,2
Adwoa,Female,52,댄스 클래스 참가,french,japanese,2
Ady,Male,57,BMX,arabic,korean,3
Adya,Female,47,제로 웨이스트 라이프스타일,korean,arabic,3
Adyan,Male,37,번지점프,korean,japanese,1
Adyanna,Female,73,메이커 운동,japanese,arabic,1
Adyant,Female,42,블로깅,english,korean,1
Adyen,Female,5,축구,spanish,japanese,2
Adylene,Female,29,마술,arabic,japanese,2
Adylin,Female,37,동물 돌보기,french,japanese,1
Adyline,Male,70,패들보드,spanish,english,3
Adyn,Female,52,스쿠버 다이빙,korean,spanish,2
Adyn,Female,46,우주 탐사,arabic,english,1
Adynn,Female,27,서핑,spanish,english,3
Adysen,Female,43,스쿠버 다이빙,japanese,arabic,2
Adyson,Male,51,코인 수집,arabic,english,3
Adyson,Male,43,체스,japanese,arabic,2
Adysson,Male,61,산악 자전거,japanese,chinese,1
Adysyn,Female,65,비건 생활,arabic,chinese,1
Aedan,Female,25,맥주 제조,chinese,spanish,3
Aeden,Male,44,마라톤,chinese,korean,1
Aedin,Male,43,록 음악 감상,arabic,korean,1
Aedon,Male,52,지속 가능한 생활,japanese,french,3
Aedyn,Male,50,게임,spanish,japanese,3
Aeiden,Male,63,팝 음악 감상,spanish,chinese,1
Aela,Female,26,천문학,korean,english,2
Aeleen,Female,7,댄스 클래스 참가,korean,chinese,2
Aelyn,Female,5,가상 현실,english,korean,1
Aemon,Female,44,메이커 운동,chinese,french,1
Aeneas,Male,29,천문학,english,spanish,3
Aengus,Male,46,전자 음악 감상,english,korean,2
Aeon,Female,29,마술,japanese,french,2
Aeon,Male,51,드럼 치기,arabic,chinese,1
Aerabella,Male,48,개인 금융 관리,korean,arabic,1
Aeralyn,Male,23,커피 추출,arabic,english,2
Aeralynn,Female,56,작문 클래스 참가,french,spanish,2
Aerial,Male,69,피아노 연주,english,french,3
Aeriana,Female,45,힙합 음악 감상,korean,french,2
Aerianna,Male,20,암호화폐,arabic,french,3
Aeric,Male,27,빈티지 수집,japanese,english,1
Aerick,Male,52,보드게임,korean,chinese,2
Aerie,Female,57,체스,korean,french,2
Aeriel,Male,75,블로깅,korean,chinese,3
Aerielle,Male,78,등산,chinese,japanese,2
Aerik,Male,50,제로 웨이스트 라이프스타일,korean,french,2
Aerilyn,Female,27,언어 교환,french,chinese,3
Aerilynn,Male,58,팝 음악 감상,english,spanish,1
Aerin,Male,56,드럼 치기,japanese,arabic,2
Aerion,Female,21,베이킹,japanese,french,3
Aeriona,Male,71,힙합 음악 감상,spanish,arabic,1
Aerionna,Female,54,와인 시음,spanish,chinese,1
Aeris,Female,56,3D 프린팅,korean,japanese,2
Aerith,Male,70,쇼핑,chinese,japanese,1
Aero,Female,49,트라이애슬론,arabic,spanish,1
Aeron,Female,68,오페라 감상,spanish,japanese,1
Aerowyn,Female,6,베이킹,arabic,french,3
Aeryanna,Female,71,언어 학습,chinese,japanese,2
Aeryn,Female,32,미술 클래스 참가,arabic,english,1
Aesa,Female,26,캠핑,english,japanese,2
Aesha,Male,40,문화 탐구,spanish,japanese,1
Aeson,Female,22,요리 클래스 참가,chinese,spanish,3
Aeva,Male,43,새 관찰,chinese,japanese,2
Affan,Male,64,가상 현실,chinese,french,3
Afia,Female,48,그림 그리기,french,chinese,1
Afifa,Male,21,오토바이 타기,chinese,english,1
Afina,Male,38,모터스포츠,arabic,japanese,1
Afiya,Female,38,R&B 음악 감상,japanese,french,3
Afnan,Female,5,블록체인,korean,french,3
Afnan,Female,49,스노우보드,spanish,korean,1
Afomia,Male,69,비건 생활,english,japanese,1
Afra,Female,45,바둑,french,arabic,1
Afrah,Male,26,요가,japanese,chinese,3
Afraz,Male,36,커뮤니티 서비스,japanese,english,1
Afreen,Female,58,요가,arabic,english,3
Africa,Male,7,로프 클라이밍,spanish,japanese,1
Afsa,Female,29,동물 돌보기,arabic,english,1
Afsheen,Male,63,요가,english,spanish,3
Aftin,Female,32,카약,korean,arabic,1
Afton,Male,35,우주 탐사,french,japanese,2
Afton,Male,40,커뮤니티 서비스,spanish,chinese,3
Aftyn,Female,43,베이킹,french,english,3
Afua,Male,51,도서 읽기,french,spanish,3
Agam,Male,64,맥주 제조,chinese,korean,1
Agam,Female,39,퍼즐 풀기,spanish,french,1
Agape,Male,45,카누,arabic,japanese,3
Agapito,Male,61,오토바이 타기,chinese,japanese,2
Agasthya,Female,38,스탬프 수집,arabic,japanese,2
Agastya,Female,49,트라이애슬론,arabic,spanish,2
Agata,Male,9,작문 클래스 참가,arabic,french,2
Agatha,Male,7,동물 보호 활동,french,korean,2
Agnes,Female,6,도서 읽기,french,korean,3
Agostino,Male,30,새 관찰,japanese,arabic,3
Agrima,Male,75,만화 보기,japanese,spanish,2
Agustin,Female,51,노래하기,english,japanese,3
Agustina,Male,36,문화 탐구,spanish,arabic,1
Agustus,Male,57,요리 클래스 참가,korean,arabic,2
Ahaan,Female,36,암벽 등반,chinese,japanese,3
Ahaana,Female,51,스쿠버 다이빙,english,spanish,1
Ahad,Female,56,투자 및 주식,arabic,spanish,3
Ahamed,Male,26,모터스포츠,arabic,french,2
Ahan,Female,22,메탈 음악 감상,french,chinese,3
Ahana,Male,52,가상 현실,french,chinese,2
Ahanu,Male,8,마라톤,korean,english,3
Aharon,Female,72,마술,french,spanish,3
Ahava,Female,69,인테리어 디자인,english,chinese,1
Ahian,Female,66,와인 시음,spanish,french,3
Ahilyn,Female,41,메이커 운동,korean,chinese,2
Ahja,Female,32,다이빙,spanish,chinese,1
Ahjanae,Female,34,노래하기,french,arabic,2
Ahlam,Male,37,작문 클래스 참가,english,french,2
Ahlana,Male,9,자격증 따기,japanese,arabic,3
Ahlani,Male,39,지리학,spanish,chinese,2
Ahlanna,Female,7,도서 읽기,spanish,chinese,3
Ahlaya,Female,25,요가,japanese,korean,3
Ahlayah,Male,22,화초 돌보기,english,spanish,1
Ahleah,Female,67,산악 자전거,japanese,french,2
Ahlena,Male,20,자원 봉사,chinese,french,3
Ahlia,Male,5,낚시,french,chinese,3
Ahlias,Female,49,블록체인,chinese,spanish,1
Ahliya,Female,39,천문학,korean,french,1
Ahliyah,Male,34,인테리어 디자인,french,spanish,3
Ahlyssa,Male,35,코인 수집,spanish,english,1
Ahmaad,Male,42,드럼 치기,arabic,japanese,2
Ahmad,Male,34,제로 웨이스트 라이프스타일,chinese,arabic,1
Ahmadou,Female,41,뮤지컬 보기,french,japanese,3
Ahmani,Female,48,다이빙,arabic,japanese,3
Ahmani,Female,34,암벽 등반,arabic,japanese,3
Ahmar,Female,25,등산,spanish,french,1
Ahmari,Female,75,게임,korean,spanish,1
Ahmari,Male,8,스탬프 수집,japanese,korean,2
Ahmaud,Female,31,R&B 음악 감상,french,chinese,3
Ahmauri,Female,46,요리 클래스 참가,chinese,arabic,1
Ahmaya,Male,6,별보기,chinese,english,3
Ahmed,Male,45,역사 탐구,french,english,1
Ahmeer,Female,56,수영,japanese,english,3
Ahmere,Male,24,차 시음,spanish,korean,1
Ahmet,Female,58,지리학,english,french,2
Ahmia,Male,40,지리학,chinese,arabic,3
Ahmiah,Female,8,퍼즐 풀기,chinese,arabic,2
Ahmier,Female,60,개인 금융 관리,korean,japanese,1
Ahmir,Female,47,정원 가꾸기,korean,chinese,3
Ahmira,Female,32,공부,korean,japanese,3
Ahmirah,Female,22,와인 시음,chinese,japanese,1
Ahmire,Male,72,천문학,korean,english,2
Ahmiya,Male,47,동물 돌보기,chinese,french,3
Ahmiyah,Female,9,스카이다이빙,english,chinese,2
Ahmod,Female,36,언어 교환,arabic,korean,3
Ahmond,Male,63,록 음악 감상,chinese,english,3
Ahmoni,Male,21,R&B 음악 감상,arabic,chinese,2
Ahmya,Female,36,요리 클래스 참가,chinese,korean,1
Ahmyah,Male,35,지속 가능한 생활,arabic,french,1
Ahmyiah,Female,37,댄스 클래스 참가,japanese,english,3
Ahna,Female,39,댄스 클래스 참가,korean,spanish,2
Ahnaf,Female,28,바둑,english,japanese,1
Ahnalee,Female,28,해킹,arabic,english,2
Ahnesti,Male,7,암벽 등반,arabic,english,3
Ahnesty,Male,39,힙합 음악 감상,korean,spanish,1
Ahni,Male,40,암벽 등반,english,spanish,3
Ahnika,Male,32,제로 웨이스트 라이프스타일,french,arabic,2
Ahnisty,Female,63,커피 추출,arabic,spanish,1
Ahniya,Male,45,요리 클래스 참가,english,arabic,2
Ahniyah,Male,40,자격증 따기,spanish,chinese,3
Ahnya,Female,73,비건 생활,french,japanese,1
Ahnyah,Male,70,미니멀리즘,chinese,korean,3
Ahnyla,Male,73,여행,french,arabic,3
Ahonesti,Female,46,도서 읽기,arabic,chinese,3
Ahren,Male,28,커뮤니티 서비스,english,french,2
Ahria,Female,55,동물 보호 활동,arabic,english,2
Ahriana,Male,51,스키,arabic,korean,3
Ahrianna,Female,51,오페라 감상,spanish,japanese,1
Ahriyah,Female,75,오토바이 타기,spanish,japanese,2
Ahron,Female,72,건강 및 웰니스,french,english,2
Ahsan,Male,25,캠핑,korean,english,2
Ahtziri,Female,7,스케이트보드,arabic,korean,2
Ahtziry,Male,8,언어 교환,french,spanish,2
Ahuva,Male,50,영화 감상,japanese,arabic,1
Ahyan,Female,43,낚시,japanese,spanish,3
Ahzaria,Female,22,스키,japanese,korean,1
Ai,Male,20,축구,japanese,french,3
Aiana,Male,51,오토바이 타기,korean,japanese,2
Aianna,Female,22,캠핑,spanish,arabic,1
Aibhilin,Male,29,여행,korean,chinese,2
Aibhlinn,Female,9,로봇 제작,french,english,3
Aicha,Female,28,인테리어 디자인,spanish,arabic,1
Aida,Female,7,코인 수집,spanish,korean,2
Aidah,Male,29,베이킹,chinese,spanish,1
Aidaly,Female,56,패션 디자인,french,spanish,1
Aidalyn,Female,26,축구,chinese,korean,3
Aidan,Female,6,커뮤니티 서비스,chinese,spanish,1
Aidan,Male,21,신재생 에너지,spanish,japanese,2
Aidanjames,Male,57,메이커 운동,spanish,english,1
Aidden,Female,40,드론 조종,french,spanish,2
Aide,Male,44,가상 현실,japanese,chinese,1
Aidee,Female,32,BMX,japanese,french,2
Aideen,Male,67,필라테스,english,japanese,1
Aidel,Male,52,역사 탐구,english,chinese,3
Aideliz,Female,52,연극 보기,chinese,korean,2
Aiden,Male,44,커뮤니티 서비스,english,french,2
Aiden,Female,32,글쓰기,french,japanese,3
Aidenjames,Female,45,코인 수집,arabic,chinese,3
Aidenjoseph,Male,57,스케이트보드,french,arabic,1
Aidenmichael,Female,48,낚시,spanish,japanese,2
Aidenn,Female,7,마라톤,chinese,english,2
Aidian,Male,34,그림 그리기,japanese,english,3
Aidin,Male,6,시 쓰기,french,japanese,1
Aidon,Male,54,동물 돌보기,korean,arabic,1
Aidrian,Female,21,기타 연주,spanish,japanese,3
Aidric,Male,69,차 시음,korean,arabic,3
Aidyn,Male,39,미니멀리즘,spanish,arabic,2
Aidyn,Female,6,맥주 제조,korean,arabic,3
Aidynn,Male,30,모터스포츠,french,english,3
Aidynn,Male,79,드론 조종,french,chinese,1
Aiesha,Female,33,보드게임,arabic,spanish,1
Aiiden,Male,44,등산,english,spanish,3
Aija,Female,46,보안 연구,japanese,spanish,1
Aijah,Female,36,바둑,chinese,spanish,1
Aijalon,Female,64,축구 응원,arabic,english,1
Aijalon,Male,40,와인 시음,arabic,korean,2
Aika,Female,60,아트 수집,japanese,french,1
Aiken,Male,9,영화 감상,arabic,english,1
Aiko,Female,8,미술 클래스 참가,japanese,french,3
Aila,Female,43,마라톤,spanish,japanese,1
Ailah,Female,21,메탈 음악 감상,spanish,japanese,3
Ailana,Male,50,스쿠버 다이빙,spanish,chinese,2
Ailani,Female,29,축구 응원,korean,arabic,1
Ailanie,Male,35,산악 자전거,english,chinese,3
Ailany,Female,31,패션 디자인,chinese,arabic,3
Aile,Female,37,전자 음악 감상,japanese,spanish,2
Ailea,Male,49,화초 돌보기,spanish,japanese,1
Aileah,Male,21,힙합 음악 감상,french,arabic,1
Aileana,Male,51,배드민턴,chinese,arabic,2
Ailed,Female,40,게임,arabic,korean,3
Ailee,Male,69,번지점프,japanese,arabic,1
Aileen,Female,41,스키,japanese,spanish,2
Aileena,Male,23,블록체인,english,japanese,1
Aileene,Male,42,만화 보기,japanese,arabic,2
Ailen,Male,34,그림 그리기,english,arabic,1
Ailena,Male,29,사진 찍기,spanish,english,3
Ailene,Female,48,패러글라이딩,spanish,chinese,2
Aileth,Female,20,자격증 따기,japanese,english,3
Ailey,Male,50,스노우보드,english,french,2
Aili,Male,47,스카이다이빙,spanish,french,2
Ailia,Female,45,자원 봉사,chinese,english,3
Ailie,Male,56,미니멀리즘,chinese,korean,1
Ailin,Female,20,스노우보드,arabic,japanese,1
Ailine,Female,34,스키,english,chinese,2
Ailis,Female,50,오토바이 타기,korean,arabic,1
Ailish,Female,5,블록체인,chinese,japanese,1
Ailsa,Male,6,미술 클래스 참가,korean,french,2
Aily,Male,44,서핑,french,spanish,2
Ailyn,Female,32,글쓰기,spanish,english,3
Ailyne,Male,20,지속 가능한 생활,french,korean,1
Ailynn,Female,63,글쓰기,spanish,english,1
Aiman,Female,54,투자 및 주식,chinese,english,1
Aimar,Male,60,신재생 에너지,french,spanish,1
Aime,Female,32,미술 클래스 참가,arabic,french,2
Aimee,Male,35,우주 탐사,english,spanish,1
Aimen,Female,61,로봇 제작,chinese,english,1
Aimi,Female,72,댄스 클래스 참가,japanese,spanish,2
Aimie,Female,54,산악 자전거,japanese,arabic,3
Aimme,Male,22,필라테스,japanese,spanish,3
Aimon,Female,40,수영,french,korean,2
Aimy,Male,24,재즈 음악 감상,arabic,spanish,2
Aina,Male,35,농구 응원,korean,spanish,2
Ainara,Female,78,드론 조종,korean,chinese,3
Aine,Female,8,메이커 운동,chinese,french,2
Ainhoa,Male,45,오토바이 타기,chinese,spanish,3
Ainslee,Female,31,보안 연구,french,chinese,3
Ainsleigh,Female,21,명상,spanish,chinese,2